image,severity_count,severity_label,prob_crack,prob_dent,prob_paint_off,prob_scratch,pred_crack,pred_dent,pred_paint_off,pred_scratch,rc_impact_force,rc_metal_fatigue,rc_corrosion,dominant_cause
causal_data\aircraft damage\test\images\000616_NewConstruction_jpg.rf.76bbc76c2f21c9d3c5a74710098a464f.jpg,1,Minor — 1 damage instance(s),0.9965,0.0025,0.0023,0.0000,1,0,0,0,0.6010,0.6314,0.5016,metal_fatigue
causal_data\aircraft damage\test\images\100_3_JPG_jpg.rf.4fbc31dbbeb5a8fea3fbc015934ea0fb.jpg,4,Moderate — 4 damage instances,0.9306,0.9855,0.0000,0.0000,1,1,0,0,0.6077,0.6055,0.4761,impact_force
causal_data\aircraft damage\test\images\100_8_JPG_jpg.rf.e72e905bbcb089bf01cd4887dd486eb7.jpg,2,Minor — 2 damage instance(s),0.8769,0.9834,0.0000,0.0000,1,1,0,0,0.6067,0.6024,0.4635,impact_force
causal_data\aircraft damage\test\images\101_4_JPG_jpg.rf.61a5159aeae533005b54555d76bd7079.jpg,3,Moderate — 3 damage instances,0.9993,0.0100,0.0001,0.0000,1,0,0,0,0.6013,0.6403,0.5284,metal_fatigue
causal_data\aircraft damage\test\images\102_11_JPG_jpg.rf.127b19e1b83747fdb425e89455713334.jpg,2,Minor — 2 damage instance(s),0.9987,0.0073,0.0004,0.0000,1,0,0,0,0.6020,0.6344,0.5133,metal_fatigue
causal_data\aircraft damage\test\images\103_21_JPG_jpg.rf.e3a35d19a9628209e193c987ed44fcc2.jpg,1,Minor — 1 damage instance(s),0.9858,0.0025,0.0084,0.0000,1,0,0,0,0.6023,0.6359,0.5059,metal_fatigue
causal_data\aircraft damage\test\images\103_4_JPG_jpg.rf.5afcc940ac1ce6e74e2dcbcc28e3c922.jpg,1,Minor — 1 damage instance(s),0.9774,0.0032,0.0119,0.0000,1,0,0,0,0.6001,0.6322,0.5060,metal_fatigue
causal_data\aircraft damage\test\images\103_8_JPG_jpg.rf.415146cd25eb67e85228c82624ed396d.jpg,1,Minor — 1 damage instance(s),0.9714,0.1753,0.0002,0.0000,1,0,0,0,0.5947,0.6167,0.4941,metal_fatigue
causal_data\aircraft damage\test\images\104_2_JPG_jpg.rf.aff1718ab89c9158f340b5cfbffacbf1.jpg,3,Moderate — 3 damage instances,0.9997,0.0053,0.0001,0.0000,1,0,0,0,0.6014,0.6290,0.5119,metal_fatigue
causal_data\aircraft damage\test\images\104_9_JPG_jpg.rf.36180f6d673abb49676cc1884fcefa86.jpg,3,Moderate — 3 damage instances,0.9996,0.0153,0.0000,0.0000,1,0,0,0,0.5999,0.6201,0.5028,metal_fatigue
causal_data\aircraft damage\test\images\105_22_JPG_jpg.rf.fc25502620973b1d40ce2d6cb8404fd6.jpg,2,Minor — 2 damage instance(s),0.9770,0.9465,0.0000,0.0000,1,1,0,0,0.6064,0.5985,0.4568,impact_force
causal_data\aircraft damage\test\images\105_24_JPG_jpg.rf.7db7d4ab3e37606cc84de868fa65fa99.jpg,2,Minor — 2 damage instance(s),0.9602,0.9723,0.0000,0.0000,1,1,0,0,0.6057,0.6013,0.4607,impact_force
causal_data\aircraft damage\test\images\106_21_JPG_jpg.rf.16cb16c0c34b757c23d52e6182ee4cda.jpg,1,Minor — 1 damage instance(s),0.9939,0.0031,0.0031,0.0000,1,0,0,0,0.6009,0.6351,0.5078,metal_fatigue
causal_data\aircraft damage\test\images\107_22_JPG_jpg.rf.84d16c865ea996345baaa5265294edab.jpg,3,Moderate — 3 damage instances,0.9996,0.0187,0.0000,0.0000,1,0,0,0,0.6028,0.6263,0.5053,metal_fatigue
causal_data\aircraft damage\test\images\107_24_JPG_jpg.rf.6365eb9ec4b4e86ef0241074d9f00ee4.jpg,2,Minor — 2 damage instance(s),0.9997,0.0055,0.0001,0.0000,1,0,0,0,0.6010,0.6231,0.5063,metal_fatigue
causal_data\aircraft damage\test\images\107_2_JPG_jpg.rf.ef0dd21cc69966207a701247478bcb9a.jpg,2,Minor — 2 damage instance(s),0.9995,0.0034,0.0003,0.0000,1,0,0,0,0.5995,0.6293,0.5115,metal_fatigue
causal_data\aircraft damage\test\images\107_8_JPG_jpg.rf.74b88b3b265ba0431f0a0a4514d76766.jpg,4,Moderate — 4 damage instances,0.8989,0.9664,0.0000,0.0000,1,1,0,0,0.6064,0.6230,0.4980,metal_fatigue
causal_data\aircraft damage\test\images\130_3_JPG_jpg.rf.1be4d6ec397b45849816512ee4e29e92.jpg,1,Minor — 1 damage instance(s),0.9993,0.0050,0.0003,0.0000,1,0,0,0,0.5968,0.6231,0.5037,metal_fatigue
causal_data\aircraft damage\test\images\134_11_JPG_jpg.rf.c64e93ac075841d5ea7ab0890597fd99.jpg,2,Minor — 2 damage instance(s),0.0256,0.9985,0.0000,0.0000,0,1,0,0,0.6096,0.6106,0.4953,metal_fatigue
causal_data\aircraft damage\test\images\134_18_JPG_jpg.rf.3f42d446acc1fe6a5aaf7a51c7e4f3af.jpg,2,Minor — 2 damage instance(s),0.0341,0.9982,0.0000,0.0000,0,1,0,0,0.6096,0.6115,0.4914,metal_fatigue
causal_data\aircraft damage\test\images\135_15_JPG_jpg.rf.973752acdc49bcb412d9406667d5f4ac.jpg,1,Minor — 1 damage instance(s),0.0056,0.9964,0.0003,0.0000,0,1,0,0,0.6115,0.6120,0.4890,metal_fatigue
causal_data\aircraft damage\test\images\136_1_JPG_jpg.rf.f308d92359107cda94811a34a0720596.jpg,1,Minor — 1 damage instance(s),0.0029,0.9949,0.0007,0.0000,0,1,0,0,0.6109,0.6180,0.4933,metal_fatigue
causal_data\aircraft damage\test\images\138_14_JPG_jpg.rf.ab57631bb25dc2dde9e010927cfa95bb.jpg,1,Minor — 1 damage instance(s),0.5136,0.8150,0.0002,0.0000,1,1,0,0,0.6030,0.6184,0.4836,metal_fatigue
causal_data\aircraft damage\test\images\138_2_JPG_jpg.rf.4072b91f40c90ed2c1c64395f9fea808.jpg,1,Minor — 1 damage instance(s),0.9992,0.0138,0.0001,0.0000,1,0,0,0,0.5927,0.6050,0.4949,metal_fatigue
causal_data\aircraft damage\test\images\13_9_JPG_jpg.rf.435e6b0fb7a8ad6265fd8ec700fe69d8.jpg,1,Minor — 1 damage instance(s),0.3319,0.0197,0.1423,0.0002,0,0,0,0,0.5925,0.6225,0.5146,metal_fatigue
causal_data\aircraft damage\test\images\140_13_JPG_jpg.rf.2caaa8d3c5694e0272653be2e2bb6644.jpg,4,Moderate — 4 damage instances,0.9997,0.0075,0.0001,0.0000,1,0,0,0,0.6020,0.6366,0.5225,metal_fatigue
causal_data\aircraft damage\test\images\140_22_JPG_jpg.rf.6904491daecd404f72a029f881dc3776.jpg,4,Moderate — 4 damage instances,0.9997,0.0083,0.0000,0.0000,1,0,0,0,0.6030,0.6381,0.5252,metal_fatigue
causal_data\aircraft damage\test\images\142_17_JPG_jpg.rf.ecf4951e799218875b167902853dcf68.jpg,3,Moderate — 3 damage instances,0.8172,0.9926,0.0000,0.0000,1,1,0,0,0.6067,0.6064,0.4787,impact_force
causal_data\aircraft damage\test\images\143_15_JPG_jpg.rf.668956b4edf72f6eb135f1aff7af15f4.jpg,3,Moderate — 3 damage instances,0.9725,0.9591,0.0000,0.0000,1,1,0,0,0.6061,0.6068,0.4723,metal_fatigue
causal_data\aircraft damage\test\images\143_21_JPG_jpg.rf.7a7a265d83dc87d3f765ec812c6bb18c.jpg,3,Moderate — 3 damage instances,0.9657,0.9701,0.0000,0.0000,1,1,0,0,0.6073,0.6044,0.4690,impact_force
causal_data\aircraft damage\test\images\143_25_JPG_jpg.rf.19169a345525ed4a63b7eec2a400025c.jpg,1,Minor — 1 damage instance(s),0.0584,0.0009,0.9901,0.0131,0,0,1,0,0.5918,0.6146,0.5360,metal_fatigue
causal_data\aircraft damage\test\images\143_8_JPG_jpg.rf.2ac325ed2effa8c3c7c821238473d693.jpg,4,Moderate — 4 damage instances,0.9982,0.2543,0.0000,0.0000,1,0,0,0,0.6035,0.6195,0.4990,metal_fatigue
causal_data\aircraft damage\test\images\144_0_JPG_jpg.rf.fe3de0f724a745063bec2469754b55eb.jpg,4,Moderate — 4 damage instances,0.9528,0.9803,0.0000,0.0000,1,1,0,0,0.6100,0.6134,0.4795,metal_fatigue
causal_data\aircraft damage\test\images\144_10_JPG_jpg.rf.3432a30916bba6c0dbcc4c30f0fb88c3.jpg,4,Moderate — 4 damage instances,0.9903,0.8545,0.0000,0.0000,1,1,0,0,0.6089,0.6214,0.4927,metal_fatigue
causal_data\aircraft damage\test\images\144_12_JPG_jpg.rf.96e423ee08530d321a988050f8619fb4.jpg,3,Moderate — 3 damage instances,0.8831,0.9882,0.0000,0.0000,1,1,0,0,0.6098,0.6103,0.4804,metal_fatigue
causal_data\aircraft damage\test\images\144_17_JPG_jpg.rf.3c3598d7a1d05a62a5a22a4c9bf0d28a.jpg,2,Minor — 2 damage instance(s),0.3333,0.9968,0.0000,0.0000,0,1,0,0,0.6076,0.6050,0.4827,impact_force
causal_data\aircraft damage\test\images\145_11_JPG_jpg.rf.9a28c9b8d6c1e14ad37d236b4197d772.jpg,4,Moderate — 4 damage instances,0.9186,0.9869,0.0000,0.0000,1,1,0,0,0.6089,0.6181,0.4861,metal_fatigue
causal_data\aircraft damage\test\images\145_3_JPG_jpg.rf.c59b06f872b5e1c9bb1a7c93f0339280.jpg,3,Moderate — 3 damage instances,0.9986,0.1931,0.0000,0.0000,1,0,0,0,0.5994,0.6080,0.4928,metal_fatigue
causal_data\aircraft damage\test\images\145_9_JPG_jpg.rf.e35cdeb1c1c7c3d910975de10c389474.jpg,3,Moderate — 3 damage instances,0.8975,0.9871,0.0000,0.0000,1,1,0,0,0.6084,0.6070,0.4750,impact_force
causal_data\aircraft damage\test\images\146_12_JPG_jpg.rf.bf0eff1ce23259a3af261f50f47dbe12.jpg,1,Minor — 1 damage instance(s),0.9979,0.0275,0.0001,0.0000,1,0,0,0,0.5963,0.6092,0.4831,metal_fatigue
causal_data\aircraft damage\test\images\146_25_JPG_jpg.rf.4908e108b14d2babf558bd98374b1d9f.jpg,2,Minor — 2 damage instance(s),0.9982,0.1976,0.0000,0.0000,1,0,0,0,0.6000,0.6069,0.4848,metal_fatigue
causal_data\aircraft damage\test\images\146_6_JPG_jpg.rf.c8c73caeb29eccabe492043b4b79652a.jpg,3,Moderate — 3 damage instances,0.9499,0.9810,0.0000,0.0000,1,1,0,0,0.6077,0.6021,0.4687,impact_force
causal_data\aircraft damage\test\images\146_8_JPG_jpg.rf.eea288b9907b39a2e2328c533c0eaae6.jpg,3,Moderate — 3 damage instances,0.9939,0.6711,0.0000,0.0000,1,1,0,0,0.6055,0.6169,0.4907,metal_fatigue
causal_data\aircraft damage\test\images\147_2_JPG_jpg.rf.bc2a078a6d3e22f3b408b489ec0a69c4.jpg,1,Minor — 1 damage instance(s),0.9982,0.0035,0.0011,0.0000,1,0,0,0,0.5971,0.6243,0.4962,metal_fatigue
causal_data\aircraft damage\test\images\148_10_JPG_jpg.rf.84ac99ef17f6e31826ddd19745c7ef99.jpg,2,Minor — 2 damage instance(s),0.0320,0.9985,0.0000,0.0000,0,1,0,0,0.6114,0.6164,0.4979,metal_fatigue
causal_data\aircraft damage\test\images\148_15_JPG_jpg.rf.831812831c77db2aba7584f03eba889f.jpg,2,Minor — 2 damage instance(s),0.0087,0.9974,0.0002,0.0000,0,1,0,0,0.6105,0.6202,0.5045,metal_fatigue
causal_data\aircraft damage\test\images\148_19_JPG_jpg.rf.4f5d4fd4eafc6d37c3a391542b2ea050.jpg,2,Minor — 2 damage instance(s),0.0053,0.9973,0.0003,0.0000,0,1,0,0,0.6101,0.6217,0.5062,metal_fatigue
causal_data\aircraft damage\test\images\148_25_JPG_jpg.rf.b25aa304d91a011fe89128ba981b1097.jpg,1,Minor — 1 damage instance(s),0.7736,0.8142,0.0001,0.0000,1,1,0,0,0.6023,0.6202,0.4954,metal_fatigue
causal_data\aircraft damage\test\images\148_7_JPG_jpg.rf.3acb763e4f4f69f50747eb18ccbf563d.jpg,2,Minor — 2 damage instance(s),0.0058,0.9978,0.0002,0.0000,0,1,0,0,0.6113,0.6221,0.5052,metal_fatigue
causal_data\aircraft damage\test\images\148_9_JPG_jpg.rf.73d91e3b8b0017e8c9bedbd6e649a106.jpg,2,Minor — 2 damage instance(s),0.1069,0.9970,0.0000,0.0000,0,1,0,0,0.6078,0.6074,0.4871,impact_force
causal_data\aircraft damage\test\images\149_16_JPG_jpg.rf.5ce674141905d5d79d1c3ea2c7d4c8d7.jpg,2,Minor — 2 damage instance(s),0.0115,0.9986,0.0001,0.0000,0,1,0,0,0.6110,0.6159,0.4962,metal_fatigue
causal_data\aircraft damage\test\images\149_1_JPG_jpg.rf.e1fdb62156ac438535255f4075fa110d.jpg,4,Moderate — 4 damage instances,0.9633,0.9711,0.0000,0.0000,1,1,0,0,0.6050,0.6161,0.4858,metal_fatigue
causal_data\aircraft damage\test\images\149_2_JPG_jpg.rf.cf2a09b5287f4b1e1d8799e7dd7ef61f.jpg,2,Minor — 2 damage instance(s),0.4947,0.9952,0.0000,0.0000,0,1,0,0,0.6064,0.6062,0.4783,impact_force
causal_data\aircraft damage\test\images\149_8_JPG_jpg.rf.4a6eab4fcba8b0dad5c9dcc2acee6ec4.jpg,4,Moderate — 4 damage instances,0.9859,0.7725,0.0000,0.0000,1,1,0,0,0.6011,0.6200,0.5008,metal_fatigue
causal_data\aircraft damage\test\images\150_20_JPG_jpg.rf.b8724df2f06c4a0b94d6cb72bb341ae2.jpg,1,Minor — 1 damage instance(s),0.9943,0.0091,0.0014,0.0000,1,0,0,0,0.5971,0.6169,0.4920,metal_fatigue
causal_data\aircraft damage\test\images\150_22_JPG_jpg.rf.b7eebc920696658efac0b7f2c9ec7498.jpg,1,Minor — 1 damage instance(s),0.9951,0.0025,0.0037,0.0000,1,0,0,0,0.6001,0.6282,0.4993,metal_fatigue
causal_data\aircraft damage\test\images\151_0_JPG_jpg.rf.5d7c589cf99b87ae0ba3ceacb7f287ac.jpg,3,Moderate — 3 damage instances,0.0234,0.9994,0.0000,0.0000,0,1,0,0,0.6077,0.6112,0.5003,metal_fatigue
causal_data\aircraft damage\test\images\151_12_JPG_jpg.rf.97da399acc37dc7a989f52f658e11be4.jpg,1,Minor — 1 damage instance(s),0.1542,0.9934,0.0000,0.0000,0,1,0,0,0.5976,0.6064,0.4819,metal_fatigue
causal_data\aircraft damage\test\images\151_15_JPG_jpg.rf.b40b2915ed9c7fd6bfa8667f0fc2a638.jpg,3,Moderate — 3 damage instances,0.0283,0.9993,0.0000,0.0000,0,1,0,0,0.6079,0.6105,0.4991,metal_fatigue
causal_data\aircraft damage\test\images\151_17_JPG_jpg.rf.f65a3771541e0009e021ed12d5dbbe78.jpg,5,Severe — 5 damage instances,0.9618,0.9638,0.0000,0.0000,1,1,0,0,0.6065,0.6251,0.4993,metal_fatigue
causal_data\aircraft damage\test\images\154_13_JPG_jpg.rf.50d0ae522dc4b16cc0ac30503545fc29.jpg,2,Minor — 2 damage instance(s),0.0211,0.9992,0.0000,0.0000,0,1,0,0,0.6089,0.6114,0.4969,metal_fatigue
causal_data\aircraft damage\test\images\155_14_JPG_jpg.rf.8f5cf621350538fb77a0fb2da650ee31.jpg,1,Minor — 1 damage instance(s),0.9783,0.0040,0.0091,0.0000,1,0,0,0,0.5970,0.6259,0.4937,metal_fatigue
causal_data\aircraft damage\test\images\155_17_JPG_jpg.rf.3fd19e28e5dc132a8d1da6544a75e957.jpg,3,Moderate — 3 damage instances,0.9987,0.1290,0.0000,0.0000,1,0,0,0,0.6011,0.6145,0.4950,metal_fatigue
causal_data\aircraft damage\test\images\155_7_JPG_jpg.rf.bbb423a9effeeb7a4d2e6d814ce025d8.jpg,3,Moderate — 3 damage instances,0.9637,0.9707,0.0000,0.0000,1,1,0,0,0.6058,0.6090,0.4721,metal_fatigue
causal_data\aircraft damage\test\images\156_2_JPG_jpg.rf.5c2eb3124a31da76b9bd81a1bb481c2f.jpg,1,Minor — 1 damage instance(s),0.0013,0.9943,0.0017,0.0001,0,1,0,0,0.6083,0.6145,0.4978,metal_fatigue
causal_data\aircraft damage\test\images\157_22_JPG_jpg.rf.cb5be677f5cdd01b2d0ffc3e7c55f1fa.jpg,1,Minor — 1 damage instance(s),0.9891,0.0015,0.0109,0.0000,1,0,0,0,0.6011,0.6367,0.5082,metal_fatigue
causal_data\aircraft damage\test\images\157_5_JPG_jpg.rf.0943918bc141a4cdf04802465874e0c7.jpg,1,Minor — 1 damage instance(s),0.9972,0.0105,0.0006,0.0000,1,0,0,0,0.5961,0.6248,0.4999,metal_fatigue
causal_data\aircraft damage\test\images\158_0_JPG_jpg.rf.9cce7b3eb8d402e719c0095aec1a1b66.jpg,2,Minor — 2 damage instance(s),0.9485,0.9704,0.0000,0.0000,1,1,0,0,0.6061,0.6042,0.4659,impact_force
causal_data\aircraft damage\test\images\158_12_JPG_jpg.rf.a48d3b8eb9778c0dfb9ce3dbee8bd111.jpg,2,Minor — 2 damage instance(s),0.9995,0.0057,0.0002,0.0000,1,0,0,0,0.5976,0.6206,0.5027,metal_fatigue
causal_data\aircraft damage\test\images\158_20_JPG_jpg.rf.bd63ec99083fefa11f47c2b96481c5e0.jpg,2,Minor — 2 damage instance(s),0.9986,0.0845,0.0000,0.0000,1,0,0,0,0.5956,0.6058,0.4823,metal_fatigue
causal_data\aircraft damage\test\images\158_25_JPG_jpg.rf.a2a9301cb8c6b91df7e77e6350d1e82e.jpg,1,Minor — 1 damage instance(s),0.2539,0.0390,0.0733,0.0001,0,0,0,0,0.5971,0.6248,0.5022,metal_fatigue
causal_data\aircraft damage\test\images\158_8_JPG_jpg.rf.82c0d52b98446dd57455cca27ab35a6a.jpg,1,Minor — 1 damage instance(s),0.0052,0.9979,0.0002,0.0000,0,1,0,0,0.6104,0.6156,0.4924,metal_fatigue
causal_data\aircraft damage\test\images\160_10_JPG_jpg.rf.7292849f485bc482b7e1e267155664d7.jpg,2,Minor — 2 damage instance(s),0.0581,0.9983,0.0000,0.0000,0,1,0,0,0.6104,0.6090,0.4871,impact_force
causal_data\aircraft damage\test\images\160_19_JPG_jpg.rf.920273f736bad231b25dd90edf1de6aa.jpg,2,Minor — 2 damage instance(s),0.0102,0.9990,0.0001,0.0000,0,1,0,0,0.6090,0.6150,0.4976,metal_fatigue
causal_data\aircraft damage\test\images\160_21_JPG_jpg.rf.32df86b9b9c816767335f6de74a654c3.jpg,3,Moderate — 3 damage instances,0.0347,0.9992,0.0000,0.0000,0,1,0,0,0.6085,0.6129,0.4948,metal_fatigue
causal_data\aircraft damage\test\images\160_25_JPG_jpg.rf.3904e0bc1b2cb7cb94e4c09ec35930d9.jpg,1,Minor — 1 damage instance(s),0.0163,0.9618,0.0013,0.0000,0,1,0,0,0.6040,0.6182,0.4904,metal_fatigue
causal_data\aircraft damage\test\images\160_6_JPG_jpg.rf.44ec4d10a2f46b6c5f7a5960de2be325.jpg,3,Moderate — 3 damage instances,0.0329,0.9993,0.0000,0.0000,0,1,0,0,0.6083,0.6131,0.4953,metal_fatigue
causal_data\aircraft damage\test\images\161_12_JPG_jpg.rf.e2b3d12a0fe1e42b500e57da01d8619e.jpg,3,Moderate — 3 damage instances,0.3749,0.9977,0.0000,0.0000,0,1,0,0,0.6073,0.6035,0.4786,impact_force
causal_data\aircraft damage\test\images\161_16_JPG_jpg.rf.baa9d83f5e890014affa5d4818ef7851.jpg,2,Minor — 2 damage instance(s),0.7352,0.9932,0.0000,0.0000,1,1,0,0,0.6054,0.5985,0.4676,impact_force
causal_data\aircraft damage\test\images\161_19_JPG_jpg.rf.e7b91ff6bd157bacd9028a655e2191ab.jpg,2,Minor — 2 damage instance(s),0.3457,0.9966,0.0000,0.0000,0,1,0,0,0.6079,0.6003,0.4725,impact_force
causal_data\aircraft damage\test\images\162_0_JPG_jpg.rf.d2369465b0fe8e4afcc27de9ed124cbc.jpg,2,Minor — 2 damage instance(s),0.9997,0.0049,0.0001,0.0000,1,0,0,0,0.6005,0.6323,0.5121,metal_fatigue
causal_data\aircraft damage\test\images\162_22_JPG_jpg.rf.80adb9d761378b9743ca2654c3928f55.jpg,2,Minor — 2 damage instance(s),0.9996,0.0048,0.0001,0.0000,1,0,0,0,0.6003,0.6324,0.5123,metal_fatigue
causal_data\aircraft damage\test\images\164_7_JPG_jpg.rf.78b4c17edd7c8aa4726dc15ba268df7e.jpg,1,Minor — 1 damage instance(s),0.9989,0.0213,0.0001,0.0000,1,0,0,0,0.5919,0.6058,0.4912,metal_fatigue
causal_data\aircraft damage\test\images\165_0_JPG_jpg.rf.81a5901de5d6cc629f5271e994b1868c.jpg,3,Moderate — 3 damage instances,0.8163,0.9940,0.0000,0.0000,1,1,0,0,0.6045,0.5989,0.4698,impact_force
causal_data\aircraft damage\test\images\165_2_JPG_jpg.rf.a48d33b93b666b8398e7f20188d1876a.jpg,3,Moderate — 3 damage instances,0.8558,0.9910,0.0000,0.0000,1,1,0,0,0.6031,0.6002,0.4714,impact_force
causal_data\aircraft damage\test\images\166_18_JPG_jpg.rf.03bc3396bc8e77ae28b34d5c296529a5.jpg,1,Minor — 1 damage instance(s),0.0007,0.9893,0.0046,0.0001,0,1,0,0,0.6094,0.6167,0.4945,metal_fatigue
causal_data\aircraft damage\test\images\166_20_JPG_jpg.rf.34bcd0a84b97fafa02a3636a1dad64c8.jpg,1,Minor — 1 damage instance(s),0.0021,0.9952,0.0009,0.0000,0,1,0,0,0.6064,0.6141,0.4958,metal_fatigue
causal_data\aircraft damage\test\images\166_5_JPG_jpg.rf.fdf44bb5058f52983b750f494a426bf1.jpg,1,Minor — 1 damage instance(s),0.0089,0.9946,0.0004,0.0000,0,1,0,0,0.6067,0.6126,0.4973,metal_fatigue
causal_data\aircraft damage\test\images\166_8_JPG_jpg.rf.97c80735de1142b2a325af88d411928a.jpg,3,Moderate — 3 damage instances,0.3126,0.9981,0.0000,0.0000,0,1,0,0,0.6088,0.6076,0.4850,impact_force
causal_data\aircraft damage\test\images\167_18_JPG_jpg.rf.07cb5a7578ca29c435ca2673a1fb8f9c.jpg,2,Minor — 2 damage instance(s),0.9922,0.7229,0.0000,0.0000,1,1,0,0,0.6008,0.6065,0.4743,metal_fatigue
causal_data\aircraft damage\test\images\167_20_JPG_jpg.rf.dba98afa126ee4e96d78e8eb188624d7.jpg,3,Moderate — 3 damage instances,0.9822,0.9228,0.0000,0.0000,1,1,0,0,0.6045,0.6046,0.4695,metal_fatigue
causal_data\aircraft damage\test\images\167_3_JPG_jpg.rf.61074ebebb5d22f12ab2e6d232af1ad0.jpg,2,Minor — 2 damage instance(s),0.9917,0.7865,0.0000,0.0000,1,1,0,0,0.6009,0.6002,0.4665,impact_force
causal_data\aircraft damage\test\images\167_4_JPG_jpg.rf.cadbdbbe8186c9713a51fe60cea44d97.jpg,4,Moderate — 4 damage instances,0.9862,0.8986,0.0000,0.0000,1,1,0,0,0.6092,0.6225,0.4930,metal_fatigue
causal_data\aircraft damage\test\images\168_11_JPG_jpg.rf.f4d67216f0adad1d28357f3fa229d2ca.jpg,2,Minor — 2 damage instance(s),0.9994,0.0039,0.0003,0.0000,1,0,0,0,0.5979,0.6247,0.5200,metal_fatigue
causal_data\aircraft damage\test\images\168_14_JPG_jpg.rf.91e735b10d5e74d30a20752c9ccadf6e.jpg,1,Minor — 1 damage instance(s),0.1680,0.2072,0.0271,0.0007,0,0,0,0,0.5995,0.6157,0.4964,metal_fatigue
causal_data\aircraft damage\test\images\168_15_JPG_jpg.rf.e8de8da7051404c7a569b066713107aa.jpg,1,Minor — 1 damage instance(s),0.9991,0.0095,0.0002,0.0000,1,0,0,0,0.5984,0.6164,0.4983,metal_fatigue
causal_data\aircraft damage\test\images\169_22_JPG_jpg.rf.3a3183bd22b042cff80338ad02b69973.jpg,2,Minor — 2 damage instance(s),0.9997,0.0055,0.0001,0.0000,1,0,0,0,0.5992,0.6215,0.4971,metal_fatigue
causal_data\aircraft damage\test\images\169_8_JPG_jpg.rf.a76a5590391f112803ccd61c391f9925.jpg,2,Minor — 2 damage instance(s),0.6857,0.9850,0.0000,0.0000,1,1,0,0,0.6004,0.6157,0.4906,metal_fatigue
causal_data\aircraft damage\test\images\170_16_JPG_jpg.rf.952fb2e66753258c7340239f54088125.jpg,1,Minor — 1 damage instance(s),0.0025,0.9973,0.0004,0.0000,0,1,0,0,0.6112,0.6205,0.4979,metal_fatigue
causal_data\aircraft damage\test\images\170_17_JPG_jpg.rf.9bd8faf4a9e6fbfbf493280bffd18530.jpg,4,Moderate — 4 damage instances,0.9096,0.9822,0.0000,0.0000,1,1,0,0,0.6056,0.6250,0.4903,metal_fatigue
causal_data\aircraft damage\test\images\170_23_JPG_jpg.rf.3d6a1ffa4d0c4bc094466b3cf4fa34e1.jpg,1,Minor — 1 damage instance(s),0.0030,0.9974,0.0004,0.0000,0,1,0,0,0.6106,0.6202,0.4986,metal_fatigue
causal_data\aircraft damage\test\images\171_24_JPG_jpg.rf.f81a253f7e025f7ab4bf71a6d1652489.jpg,1,Minor — 1 damage instance(s),0.9985,0.0336,0.0001,0.0000,1,0,0,0,0.5965,0.6089,0.4926,metal_fatigue
causal_data\aircraft damage\test\images\171_5_JPG_jpg.rf.9a5f904790d6d5c8681f0b9e10b4b65d.jpg,1,Minor — 1 damage instance(s),0.2562,0.9908,0.0000,0.0000,0,1,0,0,0.6074,0.6169,0.4825,metal_fatigue
causal_data\aircraft damage\test\images\173_23_JPG_jpg.rf.4a6eb0bdeb12b373001f58ac7fa49626.jpg,1,Minor — 1 damage instance(s),0.9987,0.0058,0.0004,0.0000,1,0,0,0,0.5986,0.6227,0.4963,metal_fatigue
causal_data\aircraft damage\test\images\173_24_JPG_jpg.rf.6327c752f80ee083e499e95eb7964606.jpg,1,Minor — 1 damage instance(s),0.8161,0.8490,0.0000,0.0000,1,1,0,0,0.6029,0.6215,0.4869,metal_fatigue
causal_data\aircraft damage\test\images\173_4_JPG_jpg.rf.44cd17db5fc64468294a62d0b1a91261.jpg,1,Minor — 1 damage instance(s),0.9982,0.0209,0.0002,0.0000,1,0,0,0,0.5976,0.6188,0.4960,metal_fatigue
causal_data\aircraft damage\test\images\173_7_JPG_jpg.rf.53ead6c0daa4eaece89e5a0281166581.jpg,1,Minor — 1 damage instance(s),0.9985,0.0055,0.0005,0.0000,1,0,0,0,0.5986,0.6240,0.4963,metal_fatigue
causal_data\aircraft damage\test\images\173_9_JPG_jpg.rf.fe825a3df27f42f5ffa7b51610275765.jpg,1,Minor — 1 damage instance(s),0.9988,0.0060,0.0004,0.0000,1,0,0,0,0.5986,0.6222,0.4960,metal_fatigue
causal_data\aircraft damage\test\images\174_23_JPG_jpg.rf.109122ff8dd625594d03d40e0bf1deae.jpg,2,Minor — 2 damage instance(s),0.0219,0.9989,0.0000,0.0000,0,1,0,0,0.6087,0.6106,0.4963,metal_fatigue
causal_data\aircraft damage\test\images\174_6_JPG_jpg.rf.af6f21c5f9bd4b23201a84945b649188.jpg,2,Minor — 2 damage instance(s),0.0245,0.9989,0.0000,0.0000,0,1,0,0,0.6085,0.6104,0.4962,metal_fatigue
causal_data\aircraft damage\test\images\176_11_JPG_jpg.rf.4c400157cf4143d590dfa76a1591c946.jpg,1,Minor — 1 damage instance(s),0.0005,0.9903,0.0054,0.0002,0,1,0,0,0.6112,0.6180,0.4957,metal_fatigue
causal_data\aircraft damage\test\images\176_12_JPG_jpg.rf.3f3384ff41265a136ee4d30a0ce95791.jpg,1,Minor — 1 damage instance(s),0.0007,0.9647,0.0147,0.0003,0,1,0,0,0.6051,0.6193,0.4947,metal_fatigue
causal_data\aircraft damage\test\images\177_0_JPG_jpg.rf.7e4fedb5426f1aaa7cab5f2a1dc9e65d.jpg,2,Minor — 2 damage instance(s),0.0104,0.9987,0.0001,0.0000,0,1,0,0,0.6105,0.6183,0.5003,metal_fatigue
causal_data\aircraft damage\test\images\177_13_JPG_jpg.rf.a3895ebbc894936c374bc53291e16281.jpg,2,Minor — 2 damage instance(s),0.0108,0.9987,0.0001,0.0000,0,1,0,0,0.6103,0.6182,0.5007,metal_fatigue
causal_data\aircraft damage\test\images\177_14_JPG_jpg.rf.feb81a5f085e275c2695bece20004740.jpg,1,Minor — 1 damage instance(s),0.0083,0.9299,0.0068,0.0001,0,1,0,0,0.6012,0.6144,0.5020,metal_fatigue
causal_data\aircraft damage\test\images\178_5_JPG_jpg.rf.9f78318d05cf5f49981e39b96d6d8d1f.jpg,3,Moderate — 3 damage instances,0.9989,0.1310,0.0000,0.0000,1,0,0,0,0.5988,0.6114,0.4965,metal_fatigue
causal_data\aircraft damage\test\images\179_14_JPG_jpg.rf.8ce68576edfac714f76628d65177c521.jpg,1,Minor — 1 damage instance(s),0.0404,0.9009,0.0026,0.0000,0,1,0,0,0.5984,0.6132,0.4982,metal_fatigue
causal_data\aircraft damage\test\images\179_17_JPG_jpg.rf.7296b90c28138356176d62ba29a9cd2f.jpg,1,Minor — 1 damage instance(s),0.0130,0.9932,0.0003,0.0000,0,1,0,0,0.6037,0.6098,0.4950,metal_fatigue
causal_data\aircraft damage\test\images\179_20_JPG_jpg.rf.16ce48f166eb93ff6a338611574290b5.jpg,2,Minor — 2 damage instance(s),0.5116,0.9891,0.0000,0.0000,1,1,0,0,0.6057,0.6122,0.4800,metal_fatigue
causal_data\aircraft damage\test\images\17_24_JPG_jpg.rf.dd98b1f8757bc84193eb0ce2a1536211.jpg,6,Severe — 6 damage instances,0.0805,0.9998,0.0000,0.0000,0,1,0,0,0.6052,0.6220,0.5044,metal_fatigue
causal_data\aircraft damage\test\images\180_0_JPG_jpg.rf.b0425b583d71ef3286e633ca1ddcd40e.jpg,2,Minor — 2 damage instance(s),0.9901,0.6975,0.0000,0.0000,1,1,0,0,0.5962,0.6030,0.4778,metal_fatigue
causal_data\aircraft damage\test\images\180_21_JPG_jpg.rf.54020a6c30bbccad69191ffb5d5d4427.jpg,2,Minor — 2 damage instance(s),0.9935,0.5496,0.0000,0.0000,1,1,0,0,0.5959,0.6034,0.4798,metal_fatigue
causal_data\aircraft damage\test\images\180_22_JPG_jpg.rf.4d66f187d1bdb910f4cb625cbd65ace2.jpg,2,Minor — 2 damage instance(s),0.9965,0.1615,0.0000,0.0000,1,0,0,0,0.5946,0.6066,0.4874,metal_fatigue
causal_data\aircraft damage\test\images\180_6_JPG_jpg.rf.169889fa46e5d52e6b08b8604db2190b.jpg,2,Minor — 2 damage instance(s),0.9904,0.6976,0.0000,0.0000,1,1,0,0,0.5964,0.6036,0.4785,metal_fatigue
causal_data\aircraft damage\test\images\181_10_JPG_jpg.rf.cd58a1ff8231bf0c74743c0ee1c50ef9.jpg,1,Minor — 1 damage instance(s),0.6454,0.1440,0.0044,0.0000,1,0,0,0,0.5928,0.6114,0.4900,metal_fatigue
causal_data\aircraft damage\test\images\181_19_JPG_jpg.rf.15b5622f4fabc123260fed9a46c32e8e.jpg,1,Minor — 1 damage instance(s),0.9986,0.0027,0.0010,0.0000,1,0,0,0,0.6001,0.6268,0.4982,metal_fatigue
causal_data\aircraft damage\test\images\181_1_JPG_jpg.rf.dccf3144d9abcf488fff5e9c97a93e1d.jpg,1,Minor — 1 damage instance(s),0.9949,0.0039,0.0028,0.0000,1,0,0,0,0.5967,0.6236,0.4966,metal_fatigue
causal_data\aircraft damage\test\images\181_3_JPG_jpg.rf.9d9cc514e4ae07fabcb395440652ad62.jpg,2,Minor — 2 damage instance(s),0.9919,0.2986,0.0000,0.0000,1,0,0,0,0.5900,0.6017,0.4895,metal_fatigue
causal_data\aircraft damage\test\images\182_13_JPG_jpg.rf.53e0ea7150c2c30716264b52fccae8c1.jpg,1,Minor — 1 damage instance(s),0.9983,0.0030,0.0012,0.0000,1,0,0,0,0.5970,0.6241,0.4961,metal_fatigue
causal_data\aircraft damage\test\images\182_2_JPG_jpg.rf.0a28cc7acec5e0085a2ee889b1d73d87.jpg,1,Minor — 1 damage instance(s),0.9992,0.0048,0.0004,0.0000,1,0,0,0,0.5977,0.6215,0.4963,metal_fatigue
causal_data\aircraft damage\test\images\182_4_JPG_jpg.rf.c7c3b4e03c69ba04b71a859efd7f8266.jpg,1,Minor — 1 damage instance(s),0.9984,0.0061,0.0007,0.0000,1,0,0,0,0.5933,0.6143,0.4928,metal_fatigue
causal_data\aircraft damage\test\images\182_6_JPG_jpg.rf.0ce12c6d69e6ce7483493540b89b25c1.jpg,1,Minor — 1 damage instance(s),0.9983,0.0030,0.0012,0.0000,1,0,0,0,0.5970,0.6238,0.4956,metal_fatigue
causal_data\aircraft damage\test\images\183_4_JPG_jpg.rf.5f16913e2c5ed94a0f3b7f98ba3db354.jpg,2,Minor — 2 damage instance(s),0.2271,0.9965,0.0000,0.0000,0,1,0,0,0.6039,0.6067,0.4759,metal_fatigue
causal_data\aircraft damage\test\images\183_6_JPG_jpg.rf.78df7db11c4d468ba1fdfef4e19fab83.jpg,1,Minor — 1 damage instance(s),0.9982,0.0364,0.0001,0.0000,1,0,0,0,0.5911,0.6027,0.4877,metal_fatigue
causal_data\aircraft damage\test\images\184_10_JPG_jpg.rf.07ee1973d95397aa396134d051900752.jpg,4,Moderate — 4 damage instances,0.9997,0.0111,0.0000,0.0000,1,0,0,0,0.6048,0.6389,0.5258,metal_fatigue
causal_data\aircraft damage\test\images\184_16_JPG_jpg.rf.7c421d8a123466918c450420de77702d.jpg,4,Moderate — 4 damage instances,0.9998,0.0075,0.0000,0.0000,1,0,0,0,0.6039,0.6388,0.5232,metal_fatigue
causal_data\aircraft damage\test\images\184_17_JPG_jpg.rf.cafd378cd0bef6841c1dbcc5e0c1e8f3.jpg,3,Moderate — 3 damage instances,0.9992,0.0336,0.0000,0.0000,1,0,0,0,0.6013,0.6262,0.5122,metal_fatigue
causal_data\aircraft damage\test\images\184_1_JPG_jpg.rf.f6e9083bd61bd72c1b13cbb7efbcbd0f.jpg,1,Minor — 1 damage instance(s),0.9974,0.0117,0.0007,0.0000,1,0,0,0,0.5958,0.6168,0.5014,metal_fatigue
causal_data\aircraft damage\test\images\185_0_JPG_jpg.rf.3d1742c5f4959b25bb221765c6e68eb4.jpg,1,Minor — 1 damage instance(s),0.9892,0.0028,0.0057,0.0000,1,0,0,0,0.6015,0.6361,0.5025,metal_fatigue
causal_data\aircraft damage\test\images\185_8_JPG_jpg.rf.15b385c106a8c7f40273d7031a79159e.jpg,1,Minor — 1 damage instance(s),0.0246,0.8983,0.0028,0.0000,0,1,0,0,0.6026,0.6223,0.4967,metal_fatigue
causal_data\aircraft damage\test\images\186_1_JPG_jpg.rf.6b7fdc2374f7a1c0fac5f07753c504d0.jpg,2,Minor — 2 damage instance(s),0.0164,0.9992,0.0000,0.0000,0,1,0,0,0.6035,0.6129,0.4954,metal_fatigue
causal_data\aircraft damage\test\images\186_21_JPG_jpg.rf.302e0a69a56234fd4f4ccd2737dceb92.jpg,2,Minor — 2 damage instance(s),0.0060,0.9988,0.0001,0.0000,0,1,0,0,0.6094,0.6151,0.4965,metal_fatigue
causal_data\aircraft damage\test\images\186_3_JPG_jpg.rf.6332c600f2eede60fbfbec7b260a2c4d.jpg,3,Moderate — 3 damage instances,0.9769,0.9395,0.0000,0.0000,1,1,0,0,0.6010,0.6079,0.4820,metal_fatigue
causal_data\aircraft damage\test\images\186_6_JPG_jpg.rf.dd072732b2ab76aada253df5fcde89aa.jpg,2,Minor — 2 damage instance(s),0.0053,0.9988,0.0001,0.0000,0,1,0,0,0.6091,0.6154,0.4971,metal_fatigue
causal_data\aircraft damage\test\images\187_2_JPG_jpg.rf.19c535bdecf6b9d67576df9e5e72140f.jpg,4,Moderate — 4 damage instances,0.0842,0.9992,0.0000,0.0000,0,1,0,0,0.6046,0.6164,0.4996,metal_fatigue
causal_data\aircraft damage\test\images\187_5_JPG_jpg.rf.edba561f780c7c65702ef9294d872187.jpg,5,Severe — 5 damage instances,0.0241,0.9997,0.0000,0.0000,0,1,0,0,0.6016,0.6195,0.5119,metal_fatigue
causal_data\aircraft damage\test\images\188_17_JPG_jpg.rf.be332135e9c740fa8429f3792b2925fd.jpg,1,Minor — 1 damage instance(s),0.9922,0.0013,0.0102,0.0000,1,0,0,0,0.5987,0.6316,0.5033,metal_fatigue
causal_data\aircraft damage\test\images\189_17_JPG_jpg.rf.09eea4bef560662e3f25935a96efa9d1.jpg,1,Minor — 1 damage instance(s),0.9748,0.4826,0.0000,0.0000,1,0,0,0,0.5939,0.6092,0.4837,metal_fatigue
causal_data\aircraft damage\test\images\189_19_JPG_jpg.rf.59637f55527afaee4aab76554aad1683.jpg,2,Minor — 2 damage instance(s),0.9796,0.8807,0.0000,0.0000,1,1,0,0,0.5989,0.6077,0.4786,metal_fatigue
causal_data\aircraft damage\test\images\189_4_JPG_jpg.rf.f7ed7100ecb3164af7cdb91a8c62298a.jpg,2,Minor — 2 damage instance(s),0.9992,0.0294,0.0000,0.0000,1,0,0,0,0.5952,0.6112,0.4949,metal_fatigue
causal_data\aircraft damage\test\images\190_10_JPG_jpg.rf.33433689eebca37cee8ae2f892c37dae.jpg,2,Minor — 2 damage instance(s),0.5941,0.9877,0.0000,0.0000,1,1,0,0,0.5998,0.5997,0.4762,impact_force
causal_data\aircraft damage\test\images\190_14_JPG_jpg.rf.762dbe874b8b5766c132c7ca70380281.jpg,2,Minor — 2 damage instance(s),0.9520,0.7816,0.0000,0.0000,1,1,0,0,0.5947,0.6053,0.4877,metal_fatigue
causal_data\aircraft damage\test\images\190_1_JPG_jpg.rf.80a60b63bd6e10ccaf73b47e53284f6f.jpg,1,Minor — 1 damage instance(s),0.9975,0.0033,0.0019,0.0000,1,0,0,0,0.5975,0.6259,0.5039,metal_fatigue
causal_data\aircraft damage\test\images\191_15_JPG_jpg.rf.bbae03b6705fe6bf9094ee78f1e8a4e3.jpg,2,Minor — 2 damage instance(s),0.0179,0.9984,0.0001,0.0000,0,1,0,0,0.6113,0.6135,0.4948,metal_fatigue
causal_data\aircraft damage\test\images\191_20_JPG_jpg.rf.8b104463c610b68b538e7478ad00bea7.jpg,2,Minor — 2 damage instance(s),0.0208,0.9985,0.0000,0.0000,0,1,0,0,0.6112,0.6138,0.4953,metal_fatigue
causal_data\aircraft damage\test\images\191_2_JPG_jpg.rf.ae1a31b8042d229b7a0cc0fb2aaef99e.jpg,1,Minor — 1 damage instance(s),0.2206,0.9944,0.0000,0.0000,0,1,0,0,0.6037,0.6031,0.4801,impact_force
causal_data\aircraft damage\test\images\192_25_JPG_jpg.rf.6441c6ed227344a98632d421713e0f96.jpg,1,Minor — 1 damage instance(s),0.9956,0.0030,0.0024,0.0000,1,0,0,0,0.5990,0.6338,0.5020,metal_fatigue
causal_data\aircraft damage\test\images\192_6_JPG_jpg.rf.b43fac2eb252999abb0cea0c705f8cb4.jpg,1,Minor — 1 damage instance(s),0.0009,0.9924,0.0032,0.0001,0,1,0,0,0.6111,0.6202,0.4983,metal_fatigue
causal_data\aircraft damage\test\images\192_8_JPG_jpg.rf.a6cb4759e78085ac13d5b27d29634678.jpg,2,Minor — 2 damage instance(s),0.3743,0.9874,0.0000,0.0000,0,1,0,0,0.6073,0.6218,0.4901,metal_fatigue
causal_data\aircraft damage\test\images\193_12_JPG_jpg.rf.ae2e8b0124df1c3712edcf6e2be0742c.jpg,1,Minor — 1 damage instance(s),0.0187,0.9936,0.0002,0.0000,0,1,0,0,0.6062,0.6145,0.4865,metal_fatigue
causal_data\aircraft damage\test\images\193_8_JPG_jpg.rf.be5ef9f23dac1729f23767f41286e8e2.jpg,1,Minor — 1 damage instance(s),0.9787,0.0028,0.0120,0.0000,1,0,0,0,0.5986,0.6287,0.5010,metal_fatigue
causal_data\aircraft damage\test\images\194_0_JPG_jpg.rf.347231a99882055e91c506e9b1be6522.jpg,1,Minor — 1 damage instance(s),0.9950,0.0024,0.0035,0.0000,1,0,0,0,0.6005,0.6305,0.5026,metal_fatigue
causal_data\aircraft damage\test\images\194_12_JPG_jpg.rf.d4857f18f0c0171d12c597f58198d45d.jpg,1,Minor — 1 damage instance(s),0.9987,0.0266,0.0001,0.0000,1,0,0,0,0.5941,0.6066,0.4870,metal_fatigue
causal_data\aircraft damage\test\images\194_20_JPG_jpg.rf.53a2fd1ce519cf6c1a14f657a9bcdce5.jpg,1,Minor — 1 damage instance(s),0.9989,0.0033,0.0007,0.0000,1,0,0,0,0.5985,0.6217,0.4959,metal_fatigue
causal_data\aircraft damage\test\images\194_25_JPG_jpg.rf.ed8878555164516727536ce9e2850054.jpg,2,Minor — 2 damage instance(s),0.9992,0.0118,0.0001,0.0000,1,0,0,0,0.5979,0.6254,0.5130,metal_fatigue
causal_data\aircraft damage\test\images\194_8_JPG_jpg.rf.9dc712562c8af0a2a68802c117c420ae.jpg,1,Minor — 1 damage instance(s),0.9938,0.0021,0.0057,0.0000,1,0,0,0,0.5995,0.6303,0.5119,metal_fatigue
causal_data\aircraft damage\test\images\195_11_JPG_jpg.rf.8817324717e1808467610fedf2613cef.jpg,2,Minor — 2 damage instance(s),0.9162,0.0541,0.0055,0.0008,1,0,0,0,0.5967,0.6234,0.5076,metal_fatigue
causal_data\aircraft damage\test\images\195_3_JPG_jpg.rf.78c16fcd008d5a553359f7f9dc9c1170.jpg,3,Moderate — 3 damage instances,0.9959,0.1233,0.0001,0.0000,1,0,0,0,0.5960,0.6224,0.5118,metal_fatigue
causal_data\aircraft damage\test\images\196_3_JPG_jpg.rf.c749bdcfb3a0f006881e653cc85aa40b.jpg,1,Minor — 1 damage instance(s),0.0276,0.8095,0.0055,0.0000,0,1,0,0,0.5960,0.6066,0.4895,metal_fatigue
causal_data\aircraft damage\test\images\197_11_JPG_jpg.rf.ebac0cfd7a09dd32748462616531ace4.jpg,1,Minor — 1 damage instance(s),0.9954,0.0023,0.0031,0.0000,1,0,0,0,0.6023,0.6350,0.5050,metal_fatigue
causal_data\aircraft damage\test\images\197_7_JPG_jpg.rf.5dc58ca69cb715f02f72bb0859f11ccd.jpg,1,Minor — 1 damage instance(s),0.9929,0.0022,0.0050,0.0000,1,0,0,0,0.6020,0.6353,0.5046,metal_fatigue
causal_data\aircraft damage\test\images\198_17_JPG_jpg.rf.aa98c6d99009421742b874ae35676a5e.jpg,1,Minor — 1 damage instance(s),0.9987,0.0045,0.0006,0.0000,1,0,0,0,0.5977,0.6224,0.4953,metal_fatigue
causal_data\aircraft damage\test\images\199_16_JPG_jpg.rf.7c213607ae91f5dcaf70825af295471b.jpg,1,Minor — 1 damage instance(s),0.9976,0.0028,0.0016,0.0000,1,0,0,0,0.5982,0.6268,0.4983,metal_fatigue
causal_data\aircraft damage\test\images\199_21_JPG_jpg.rf.d114ae342281f4e0480c5af2479e6309.jpg,1,Minor — 1 damage instance(s),0.9975,0.0028,0.0016,0.0000,1,0,0,0,0.5994,0.6286,0.4974,metal_fatigue
causal_data\aircraft damage\test\images\199_4_JPG_jpg.rf.cab7736edaef2635f1341c4ac810027b.jpg,2,Minor — 2 damage instance(s),0.9975,0.1431,0.0000,0.0000,1,0,0,0,0.5954,0.6049,0.4826,metal_fatigue
causal_data\aircraft damage\test\images\19_10_JPG_jpg.rf.cb1a43530d85f3fc4a6ae1ee2fc323d2.jpg,4,Moderate — 4 damage instances,0.9931,0.7003,0.0000,0.0000,1,1,0,0,0.6067,0.6273,0.5028,metal_fatigue
causal_data\aircraft damage\test\images\19_20_JPG_jpg.rf.baa3727c4a012ee6e18a8bff0c90238c.jpg,2,Minor — 2 damage instance(s),0.2495,0.9976,0.0000,0.0000,0,1,0,0,0.6065,0.6086,0.4826,metal_fatigue
causal_data\aircraft damage\test\images\1_jpg.rf.ffcd90da8b1551b996b4eb6df919ad89.jpg,1,Minor — 1 damage instance(s),0.9969,0.0035,0.0025,0.0000,1,0,0,0,0.5924,0.6200,0.4968,metal_fatigue
causal_data\aircraft damage\test\images\200_0_JPG_jpg.rf.740fec66cd5a2e4c3cbe8f3f113ca719.jpg,1,Minor — 1 damage instance(s),0.0008,0.9916,0.0036,0.0001,0,1,0,0,0.6083,0.6188,0.4995,metal_fatigue
causal_data\aircraft damage\test\images\200_14_JPG_jpg.rf.968fe72b0324fb9a94e1fa21268868f4.jpg,1,Minor — 1 damage instance(s),0.2975,0.9935,0.0000,0.0000,0,1,0,0,0.6061,0.6058,0.4759,impact_force
causal_data\aircraft damage\test\images\200_19_JPG_jpg.rf.42d33a096c5f006976046c2b42a920ea.jpg,1,Minor — 1 damage instance(s),0.0061,0.9635,0.0038,0.0001,0,1,0,0,0.6024,0.6154,0.5024,metal_fatigue
causal_data\aircraft damage\test\images\200_23_JPG_jpg.rf.d050e7cf03b374b08f67867014c7fdd2.jpg,1,Minor — 1 damage instance(s),0.0008,0.9907,0.0041,0.0001,0,1,0,0,0.6085,0.6193,0.4997,metal_fatigue
causal_data\aircraft damage\test\images\200_4_JPG_jpg.rf.7a8037dca40ef0b0f98d974979877775.jpg,3,Moderate — 3 damage instances,0.2942,0.9974,0.0000,0.0000,0,1,0,0,0.6037,0.6118,0.4856,metal_fatigue
causal_data\aircraft damage\test\images\200_6_JPG_jpg.rf.d8568840a5c10c43b74b6b4186febb9a.jpg,1,Minor — 1 damage instance(s),0.0009,0.9922,0.0029,0.0001,0,1,0,0,0.6081,0.6185,0.4991,metal_fatigue
causal_data\aircraft damage\test\images\200_7_JPG_jpg.rf.87db4b4b6ea16ce4b00884dc2127e8bd.jpg,1,Minor — 1 damage instance(s),0.0024,0.9959,0.0008,0.0000,0,1,0,0,0.6098,0.6226,0.5044,metal_fatigue
causal_data\aircraft damage\test\images\20140704_180951-1-1-_jpg.rf.f2ee50747f3fb75fa715394eb44a4e5d.jpg,1,Minor — 1 damage instance(s),0.9975,0.0037,0.0014,0.0000,1,0,0,0,0.5972,0.6305,0.5047,metal_fatigue
causal_data\aircraft damage\test\images\202_11_JPG_jpg.rf.ca1221696122143deba7bf3b8751f09f.jpg,1,Minor — 1 damage instance(s),0.0035,0.9962,0.0005,0.0000,0,1,0,0,0.6026,0.6078,0.4922,metal_fatigue
causal_data\aircraft damage\test\images\202_17_JPG_jpg.rf.c6d11eb9fcc208036ed1ebb853b434bf.jpg,1,Minor — 1 damage instance(s),0.1576,0.9849,0.0001,0.0000,0,1,0,0,0.6017,0.6147,0.4908,metal_fatigue
causal_data\aircraft damage\test\images\202_18_JPG_jpg.rf.b4c3e5f7c4676c9c7d736ecd408097d1.jpg,1,Minor — 1 damage instance(s),0.0012,0.9907,0.0030,0.0001,0,1,0,0,0.6084,0.6156,0.4964,metal_fatigue
causal_data\aircraft damage\test\images\202_22_JPG_jpg.rf.947aa79f8d6b267e6263e16ecc506d99.jpg,1,Minor — 1 damage instance(s),0.0035,0.9973,0.0003,0.0000,0,1,0,0,0.6071,0.6107,0.4927,metal_fatigue
causal_data\aircraft damage\test\images\202_25_JPG_jpg.rf.15dea7245d9c2e8a139449427e3ad289.jpg,1,Minor — 1 damage instance(s),0.9977,0.0059,0.0011,0.0000,1,0,0,0,0.5954,0.6149,0.4979,metal_fatigue
causal_data\aircraft damage\test\images\202_8_JPG_jpg.rf.915bb56d1d998c0d4de28c7841347bc1.jpg,1,Minor — 1 damage instance(s),0.8322,0.9030,0.0000,0.0000,1,1,0,0,0.5986,0.6078,0.4819,metal_fatigue
causal_data\aircraft damage\test\images\202_9_JPG_jpg.rf.020769ae146fcecba979626021e803a2.jpg,1,Minor — 1 damage instance(s),0.0008,0.9918,0.0033,0.0001,0,1,0,0,0.6096,0.6136,0.4953,metal_fatigue
causal_data\aircraft damage\test\images\203_0_JPG_jpg.rf.0c010eef87a369c6080ed19ace920a20.jpg,1,Minor — 1 damage instance(s),0.0204,0.9941,0.0001,0.0000,0,1,0,0,0.6099,0.6181,0.4857,metal_fatigue
causal_data\aircraft damage\test\images\203_13_JPG_jpg.rf.15bc31016530f66cf2f065e7fa4bb820.jpg,1,Minor — 1 damage instance(s),0.0201,0.9943,0.0001,0.0000,0,1,0,0,0.6105,0.6179,0.4854,metal_fatigue
causal_data\aircraft damage\test\images\203_14_JPG_jpg.rf.b4fb89e78782da2e874820f38410669c.jpg,1,Minor — 1 damage instance(s),0.9983,0.0091,0.0003,0.0000,1,0,0,0,0.6003,0.6312,0.4973,metal_fatigue
causal_data\aircraft damage\test\images\203_3_JPG_jpg.rf.8eb404713256174114cb642cffc2bed6.jpg,3,Moderate — 3 damage instances,0.9872,0.8489,0.0000,0.0000,1,1,0,0,0.5996,0.6047,0.4786,metal_fatigue
causal_data\aircraft damage\test\images\203_4_JPG_jpg.rf.e19db914e773726d62e3a7a57c509126.jpg,1,Minor — 1 damage instance(s),0.9975,0.1059,0.0000,0.0000,1,0,0,0,0.5912,0.5945,0.4780,metal_fatigue
causal_data\aircraft damage\test\images\204_16_JPG_jpg.rf.d151aa997edcb7b869f40c46592a7732.jpg,1,Minor — 1 damage instance(s),0.0010,0.9938,0.0024,0.0001,0,1,0,0,0.6103,0.6198,0.4978,metal_fatigue
causal_data\aircraft damage\test\images\204_5_JPG_jpg.rf.b4a04702ee0b725db80ee6775cf3a75c.jpg,1,Minor — 1 damage instance(s),0.0010,0.9924,0.0029,0.0001,0,1,0,0,0.6102,0.6176,0.4943,metal_fatigue
causal_data\aircraft damage\test\images\205_11_JPG_jpg.rf.0e24e00aba9c57999aee171c37ddfa24.jpg,1,Minor — 1 damage instance(s),0.0033,0.9981,0.0002,0.0000,0,1,0,0,0.6111,0.6181,0.4976,metal_fatigue
causal_data\aircraft damage\test\images\205_1_JPG_jpg.rf.1b69fc7bfa6697d0393cf8e8bfc239a4.jpg,1,Minor — 1 damage instance(s),0.0120,0.9976,0.0001,0.0000,0,1,0,0,0.6100,0.6175,0.4953,metal_fatigue
causal_data\aircraft damage\test\images\205_23_JPG_jpg.rf.a88b708790f626c998b9def95401abeb.jpg,2,Minor — 2 damage instance(s),0.0194,0.9984,0.0000,0.0000,0,1,0,0,0.6117,0.6156,0.4944,metal_fatigue
causal_data\aircraft damage\test\images\205_6_JPG_jpg.rf.57a88f8ba5f9e97a6c83f543fcd29f23.jpg,2,Minor — 2 damage instance(s),0.0191,0.9984,0.0000,0.0000,0,1,0,0,0.6117,0.6155,0.4946,metal_fatigue
causal_data\aircraft damage\test\images\206_2_JPG_jpg.rf.8e580efed88749e973e4680223ee0561.jpg,2,Minor — 2 damage instance(s),0.9519,0.9744,0.0000,0.0000,1,1,0,0,0.6071,0.5980,0.4591,impact_force
causal_data\aircraft damage\test\images\206_4_JPG_jpg.rf.b83653ff77f9c1cce265305cbb55c4a6.jpg,1,Minor — 1 damage instance(s),0.3416,0.8312,0.0004,0.0000,0,1,0,0,0.5986,0.6097,0.4860,metal_fatigue
causal_data\aircraft damage\test\images\206_9_JPG_jpg.rf.e1665e7b4ebd016e56987d2698602216.jpg,2,Minor — 2 damage instance(s),0.9571,0.9682,0.0000,0.0000,1,1,0,0,0.6068,0.5984,0.4576,impact_force
causal_data\aircraft damage\test\images\207_14_JPG_jpg.rf.f395bd57c4dc8fb46cba9aef878514fa.jpg,1,Minor — 1 damage instance(s),0.9183,0.7782,0.0000,0.0000,1,1,0,0,0.6015,0.6119,0.4782,metal_fatigue
causal_data\aircraft damage\test\images\208_19_JPG_jpg.rf.938a10a9c991c5d0dd19636d9d0e4dc2.jpg,1,Minor — 1 damage instance(s),0.9993,0.0040,0.0003,0.0000,1,0,0,0,0.6008,0.6310,0.5042,metal_fatigue
causal_data\aircraft damage\test\images\208_23_JPG_jpg.rf.38b7b7882fe0db4dfebbacea0050361d.jpg,1,Minor — 1 damage instance(s),0.9862,0.0024,0.0088,0.0000,1,0,0,0,0.6013,0.6378,0.5071,metal_fatigue
causal_data\aircraft damage\test\images\208_24_JPG_jpg.rf.f321478fc8873e5dc2f49b2cced75b27.jpg,1,Minor — 1 damage instance(s),0.9991,0.0067,0.0003,0.0000,1,0,0,0,0.5990,0.6227,0.4936,metal_fatigue
causal_data\aircraft damage\test\images\210_0_JPG_jpg.rf.1d9ffb75a1613dd0dc6573fa61223099.jpg,1,Minor — 1 damage instance(s),0.0008,0.9908,0.0038,0.0002,0,1,0,0,0.6120,0.6185,0.4948,metal_fatigue
causal_data\aircraft damage\test\images\210_12_JPG_jpg.rf.ccbbe64b33974aa6c37eafa2d086f593.jpg,1,Minor — 1 damage instance(s),0.0823,0.6549,0.0043,0.0000,0,1,0,0,0.5999,0.6149,0.4904,metal_fatigue
causal_data\aircraft damage\test\images\210_19_JPG_jpg.rf.2c4a796912fd0d1f4845df813a88969b.jpg,1,Minor — 1 damage instance(s),0.0002,0.9710,0.0324,0.0009,0,1,0,0,0.6088,0.6142,0.4935,metal_fatigue
causal_data\aircraft damage\test\images\210_23_JPG_jpg.rf.43e690cc0f01015ed76f15f2ef2cff4f.jpg,1,Minor — 1 damage instance(s),0.0008,0.9907,0.0039,0.0002,0,1,0,0,0.6120,0.6186,0.4948,metal_fatigue
causal_data\aircraft damage\test\images\210_25_JPG_jpg.rf.da62914a9ce072905416aca469dbe2ac.jpg,2,Minor — 2 damage instance(s),0.8258,0.9877,0.0000,0.0000,1,1,0,0,0.6021,0.6008,0.4730,impact_force
causal_data\aircraft damage\test\images\210_9_JPG_jpg.rf.7593b7a34e39695ee388123cceddfa14.jpg,1,Minor — 1 damage instance(s),0.0009,0.9908,0.0035,0.0001,0,1,0,0,0.6127,0.6192,0.4942,metal_fatigue
causal_data\aircraft damage\test\images\211_12_JPG_jpg.rf.575f8bfc03f594b0b7fee3275c2ac15c.jpg,2,Minor — 2 damage instance(s),0.9422,0.9694,0.0000,0.0000,1,1,0,0,0.6013,0.6024,0.4709,metal_fatigue
causal_data\aircraft damage\test\images\211_25_JPG_jpg.rf.b586b5fd29584d3cc9dc9c00ae936536.jpg,1,Minor — 1 damage instance(s),0.7911,0.7222,0.0001,0.0000,1,1,0,0,0.5970,0.6106,0.4823,metal_fatigue
causal_data\aircraft damage\test\images\213_0_JPG_jpg.rf.d30614336753ed8c73e84ab816634985.jpg,1,Minor — 1 damage instance(s),0.0013,0.9947,0.0013,0.0001,0,1,0,0,0.6129,0.6223,0.4936,metal_fatigue
causal_data\aircraft damage\test\images\213_10_JPG_jpg.rf.1e8b250f20060b37bede61c2ce48950d.jpg,1,Minor — 1 damage instance(s),0.9623,0.7834,0.0000,0.0000,1,1,0,0,0.5992,0.6016,0.4739,metal_fatigue
causal_data\aircraft damage\test\images\213_18_JPG_jpg.rf.ea281ca9d66c8510649a572aa522c3d6.jpg,1,Minor — 1 damage instance(s),0.0011,0.9932,0.0020,0.0001,0,1,0,0,0.6133,0.6223,0.4943,metal_fatigue
causal_data\aircraft damage\test\images\213_1_JPG_jpg.rf.5ee4d9da18a3f36283706d73b6c57525.jpg,1,Minor — 1 damage instance(s),0.0019,0.9860,0.0034,0.0012,0,1,0,0,0.6106,0.6186,0.4882,metal_fatigue
causal_data\aircraft damage\test\images\21_0_JPG_jpg.rf.81c8c187db7c8e9ca2b6d43538ad3708.jpg,2,Minor — 2 damage instance(s),0.9997,0.0056,0.0001,0.0000,1,0,0,0,0.6015,0.6293,0.5076,metal_fatigue
causal_data\aircraft damage\test\images\21_11_JPG_jpg.rf.e238b7ffd8f943342669a1b34a3b4101.jpg,2,Minor — 2 damage instance(s),0.9994,0.0228,0.0000,0.0000,1,0,0,0,0.5981,0.6191,0.4974,metal_fatigue
causal_data\aircraft damage\test\images\27_19_JPG_jpg.rf.2c5b1ccb5cf9e2cd709e1cadf354ce76.jpg,3,Moderate — 3 damage instances,0.9995,0.0110,0.0001,0.0000,1,0,0,0,0.6021,0.6328,0.5224,metal_fatigue
causal_data\aircraft damage\test\images\27_22_JPG_jpg.rf.c9ee84f0cba27aba7c6600b97a1594ca.jpg,4,Moderate — 4 damage instances,0.9994,0.0118,0.0001,0.0000,1,0,0,0,0.6033,0.6405,0.5306,metal_fatigue
causal_data\aircraft damage\test\images\29_7_JPG_jpg.rf.37b8d2a05ba79e58f300b6ad52772929.jpg,1,Minor — 1 damage instance(s),0.1545,0.9312,0.0004,0.0000,0,1,0,0,0.5955,0.6128,0.4907,metal_fatigue
causal_data\aircraft damage\test\images\2_14_JPG_jpg.rf.11dd1c1cffee50432bda27275d6da095.jpg,1,Minor — 1 damage instance(s),0.7031,0.0058,0.1391,0.0000,1,0,0,0,0.5939,0.6242,0.5182,metal_fatigue
causal_data\aircraft damage\test\images\2_2_JPG_jpg.rf.b252a69587159d1bd366a2e6b447a6ec.jpg,1,Minor — 1 damage instance(s),0.0014,0.9934,0.0017,0.0001,0,1,0,0,0.6116,0.6120,0.4889,metal_fatigue
causal_data\aircraft damage\test\images\31_0_JPG_jpg.rf.9fd23f76db328dad8c8651904626a055.jpg,1,Minor — 1 damage instance(s),0.0005,0.9869,0.0083,0.0003,0,1,0,0,0.6100,0.6179,0.4995,metal_fatigue
causal_data\aircraft damage\test\images\31_22_JPG_jpg.rf.7106f123c4a2e143c5eb4f9d1990a758.jpg,1,Minor — 1 damage instance(s),0.0014,0.9876,0.0033,0.0001,0,1,0,0,0.6076,0.6175,0.4978,metal_fatigue
causal_data\aircraft damage\test\images\31_4_JPG_jpg.rf.4f5eef7a7bd50a0062ecd8c1f68f07fd.jpg,1,Minor — 1 damage instance(s),0.9983,0.0933,0.0000,0.0000,1,0,0,0,0.5916,0.5935,0.4819,metal_fatigue
causal_data\aircraft damage\test\images\32_23_JPG_jpg.rf.6d50e31c88b3b29444f71d2985fe66ac.jpg,5,Severe — 5 damage instances,0.0308,0.9998,0.0000,0.0000,0,1,0,0,0.6030,0.6166,0.5051,metal_fatigue
causal_data\aircraft damage\test\images\34_7_JPG_jpg.rf.6f40b0a0df66daf1fa875ca298c16787.jpg,1,Minor — 1 damage instance(s),0.9405,0.0080,0.0126,0.0000,1,0,0,0,0.5980,0.6289,0.5014,metal_fatigue
causal_data\aircraft damage\test\images\36_11_JPG_jpg.rf.ae2c8ef5305517a639946d083a8390d3.jpg,9,Severe — 9 damage instances,0.0315,1.0000,0.0000,0.0000,0,1,0,0,0.6131,0.6352,0.5153,metal_fatigue
causal_data\aircraft damage\test\images\36_21_JPG_jpg.rf.4bd60abd9eb2368202aced6ee63955ba.jpg,11,Severe — 11 damage instances,0.0094,1.0000,0.0000,0.0000,0,1,0,0,0.6076,0.6261,0.5220,metal_fatigue
causal_data\aircraft damage\test\images\37_18_JPG_jpg.rf.bb60e61ef411acbd04619173c23c0a83.jpg,2,Minor — 2 damage instance(s),0.9994,0.0074,0.0001,0.0000,1,0,0,0,0.6035,0.6359,0.5167,metal_fatigue
causal_data\aircraft damage\test\images\39_10_JPG_jpg.rf.b13430656583be54e1b1bf8eba0f3035.jpg,1,Minor — 1 damage instance(s),0.9970,0.2019,0.0000,0.0000,1,0,0,0,0.5916,0.5928,0.4720,metal_fatigue
causal_data\aircraft damage\test\images\39_14_JPG_jpg.rf.6c19b6594c08736c496e7584ac7e4224.jpg,2,Minor — 2 damage instance(s),0.8579,0.9804,0.0000,0.0000,1,1,0,0,0.6021,0.6077,0.4730,metal_fatigue
causal_data\aircraft damage\test\images\3_9_JPG_jpg.rf.a1af29cbee20b5ab0f944ac75838cdd0.jpg,2,Minor — 2 damage instance(s),0.9996,0.0088,0.0001,0.0000,1,0,0,0,0.5966,0.6145,0.5008,metal_fatigue
causal_data\aircraft damage\test\images\40_3_JPG_jpg.rf.ce7cdd6a07ea0e54da9b2a452e05d049.jpg,1,Minor — 1 damage instance(s),0.9982,0.0060,0.0006,0.0000,1,0,0,0,0.5993,0.6292,0.5033,metal_fatigue
causal_data\aircraft damage\test\images\40_7_JPG_jpg.rf.5e4449bd214b0b872aad2f4b7dc34f78.jpg,1,Minor — 1 damage instance(s),0.9947,0.0027,0.0031,0.0000,1,0,0,0,0.6012,0.6345,0.5021,metal_fatigue
causal_data\aircraft damage\test\images\41_10_JPG_jpg.rf.afa5538d9000f0d5e299501448b9b8d7.jpg,2,Minor — 2 damage instance(s),0.9393,0.9713,0.0000,0.0000,1,1,0,0,0.6031,0.5976,0.4671,impact_force
causal_data\aircraft damage\test\images\41_19_JPG_jpg.rf.59ff8778d583a26283086d00c489e545.jpg,1,Minor — 1 damage instance(s),0.9995,0.0055,0.0002,0.0000,1,0,0,0,0.5980,0.6181,0.4982,metal_fatigue
causal_data\aircraft damage\test\images\41_25_JPG_jpg.rf.df21560b8ad77be7421350dcbddd19a7.jpg,0,None,0.3117,0.0095,0.1679,0.0001,0,0,0,0,0.5914,0.6236,0.4975,metal_fatigue
causal_data\aircraft damage\test\images\41_3_JPG_jpg.rf.1f8027e06d7867220a623d8ecf592600.jpg,3,Moderate — 3 damage instances,0.9973,0.3915,0.0000,0.0000,1,0,0,0,0.6034,0.6151,0.4900,metal_fatigue
causal_data\aircraft damage\test\images\41_8_JPG_jpg.rf.d585253686a660f93b058c1729ad1f9c.jpg,1,Minor — 1 damage instance(s),0.9878,0.0023,0.0109,0.0000,1,0,0,0,0.5981,0.6273,0.5026,metal_fatigue
causal_data\aircraft damage\test\images\42_4_JPG_jpg.rf.b483ea6d8f9d1c9776e4f97c431314c6.jpg,5,Severe — 5 damage instances,0.0264,0.9998,0.0000,0.0000,0,1,0,0,0.6073,0.6217,0.5099,metal_fatigue
causal_data\aircraft damage\test\images\42_8_JPG_jpg.rf.4c21d04da146aa88fcb3aca49596daea.jpg,3,Moderate — 3 damage instances,0.0295,0.9992,0.0000,0.0000,0,1,0,0,0.6070,0.6194,0.4988,metal_fatigue
causal_data\aircraft damage\test\images\43_22_JPG_jpg.rf.f6df4f2d2388d96c4b387bc0b740a65e.jpg,3,Moderate — 3 damage instances,0.9997,0.0066,0.0001,0.0000,1,0,0,0,0.6021,0.6338,0.5153,metal_fatigue
causal_data\aircraft damage\test\images\43_2_JPG_jpg.rf.5607e26e7d893ccba08b027df086bcd0.jpg,3,Moderate — 3 damage instances,0.9997,0.0085,0.0000,0.0000,1,0,0,0,0.6031,0.6354,0.5201,metal_fatigue
causal_data\aircraft damage\test\images\44762-c4c55ecc7eb41a4a32a18009f3866df9_jpg.rf.4448e4e8e36fcf913edaa286552a091d.jpg,3,Moderate — 3 damage instances,0.9991,0.0105,0.0002,0.0000,1,0,0,0,0.6027,0.6405,0.5258,metal_fatigue
causal_data\aircraft damage\test\images\44_18_JPG_jpg.rf.bce95a632f19d4c84c1d9c72c1738883.jpg,4,Moderate — 4 damage instances,0.9997,0.0075,0.0001,0.0000,1,0,0,0,0.6039,0.6400,0.5250,metal_fatigue
causal_data\aircraft damage\test\images\45_11_JPG_jpg.rf.3bfb55504b9f86a33d2dc7934116158d.jpg,1,Minor — 1 damage instance(s),0.9944,0.0022,0.0039,0.0000,1,0,0,0,0.6003,0.6310,0.5019,metal_fatigue
causal_data\aircraft damage\test\images\45_13_JPG_jpg.rf.e3ac4a3c1f722d8c0b48781f18487870.jpg,1,Minor — 1 damage instance(s),0.9951,0.0022,0.0038,0.0000,1,0,0,0,0.6003,0.6295,0.5002,metal_fatigue
causal_data\aircraft damage\test\images\46_14_JPG_jpg.rf.b68aa01b0473756784016d831e57271a.jpg,1,Minor — 1 damage instance(s),0.9916,0.0119,0.0015,0.0000,1,0,0,0,0.5929,0.6172,0.4908,metal_fatigue
causal_data\aircraft damage\test\images\46_25_JPG_jpg.rf.35aafad242006bf054d6b661c8d157a1.jpg,4,Moderate — 4 damage instances,0.2802,0.9720,0.0001,0.0000,0,1,0,0,0.6039,0.6289,0.5205,metal_fatigue
causal_data\aircraft damage\test\images\46_9_JPG_jpg.rf.5aa92f8ac2dd37c5dcc92c10d732793a.jpg,2,Minor — 2 damage instance(s),0.2182,0.9959,0.0000,0.0000,0,1,0,0,0.6072,0.6115,0.4824,metal_fatigue
causal_data\aircraft damage\test\images\48_1_JPG_jpg.rf.5d1a8f0ddc9e9164855fec953f4720df.jpg,3,Moderate — 3 damage instances,0.9995,0.0059,0.0001,0.0000,1,0,0,0,0.6045,0.6468,0.5310,metal_fatigue
causal_data\aircraft damage\test\images\48_7_JPG_jpg.rf.bdcd1c36eeadbe1b321ad03cdbec3823.jpg,6,Severe — 6 damage instances,0.9991,0.0236,0.0001,0.0000,1,0,0,0,0.6071,0.6609,0.5512,metal_fatigue
causal_data\aircraft damage\test\images\48_8_JPG_jpg.rf.a9135aecae3676015278ef29ac1d83cd.jpg,3,Moderate — 3 damage instances,0.9995,0.0054,0.0002,0.0000,1,0,0,0,0.6015,0.6456,0.5279,metal_fatigue
causal_data\aircraft damage\test\images\73_0_JPG_jpg.rf.f6b449b1dd5ce162796cec9335427ba1.jpg,10,Severe — 10 damage instances,0.9925,0.1811,0.0000,0.0000,1,0,0,0,0.6111,0.6925,0.5969,metal_fatigue
causal_data\aircraft damage\test\images\73_10_JPG_jpg.rf.0d17aa2f88ba386c84cd0f3c58ab5684.jpg,10,Severe — 10 damage instances,0.9829,0.3344,0.0000,0.0000,1,0,0,0,0.6122,0.6929,0.5984,metal_fatigue
causal_data\aircraft damage\test\images\73_11_JPG_jpg.rf.5ab1780bab7d26ac5aa4bc03a42924f5.jpg,5,Severe — 5 damage instances,0.9994,0.0167,0.0001,0.0000,1,0,0,0,0.6039,0.6489,0.5416,metal_fatigue
causal_data\aircraft damage\test\images\74_4_JPG_jpg.rf.4fed665f32dc025f56cdd9b04009a0f5.jpg,1,Minor — 1 damage instance(s),0.8736,0.0060,0.0538,0.0001,1,0,0,0,0.5971,0.6288,0.5169,metal_fatigue
causal_data\aircraft damage\test\images\75_15_JPG_jpg.rf.70b2193e28c1e7972446a6f085e06995.jpg,1,Minor — 1 damage instance(s),0.0008,0.9925,0.0029,0.0001,0,1,0,0,0.6111,0.6179,0.4938,metal_fatigue
causal_data\aircraft damage\test\images\75_17_JPG_jpg.rf.c65c7a416461a9326ae4407175a9cac0.jpg,1,Minor — 1 damage instance(s),0.0005,0.9858,0.0088,0.0003,0,1,0,0,0.6092,0.6176,0.4926,metal_fatigue
causal_data\aircraft damage\test\images\77_6_JPG_jpg.rf.1c7db1102d066615606f7f3e4b0d724c.jpg,1,Minor — 1 damage instance(s),0.9968,0.0026,0.0021,0.0000,1,0,0,0,0.6010,0.6312,0.5016,metal_fatigue
causal_data\aircraft damage\test\images\79_12_JPG_jpg.rf.7895c04bf1a1db50d8189adf60763d54.jpg,1,Minor — 1 damage instance(s),0.9823,0.0019,0.0140,0.0000,1,0,0,0,0.5977,0.6340,0.5049,metal_fatigue
causal_data\aircraft damage\test\images\79_8_JPG_jpg.rf.bd5ad43602d3ad9264541563e7092638.jpg,1,Minor — 1 damage instance(s),0.9954,0.1634,0.0000,0.0000,1,0,0,0,0.5964,0.6137,0.4859,metal_fatigue
causal_data\aircraft damage\test\images\80_19_JPG_jpg.rf.940e4ff0b336de3efc681d6751600649.jpg,2,Minor — 2 damage instance(s),0.9989,0.0385,0.0000,0.0000,1,0,0,0,0.5941,0.6091,0.4936,metal_fatigue
causal_data\aircraft damage\test\images\80_24_JPG_jpg.rf.4fb0edfb42b79f7ebfd66eb84b914e38.jpg,2,Minor — 2 damage instance(s),0.8377,0.9382,0.0000,0.0000,1,1,0,0,0.6005,0.6106,0.4887,metal_fatigue
causal_data\aircraft damage\test\images\81_6_JPG_jpg.rf.3c468328fd6a708b46330f2f73b0d110.jpg,1,Minor — 1 damage instance(s),0.9900,0.0016,0.0099,0.0000,1,0,0,0,0.6002,0.6353,0.5062,metal_fatigue
causal_data\aircraft damage\test\images\83_10_JPG_jpg.rf.23c89c9f3f80e133ab9b77b9fa435e60.jpg,1,Minor — 1 damage instance(s),0.0143,0.9942,0.0002,0.0000,0,1,0,0,0.6055,0.6206,0.4909,metal_fatigue
causal_data\aircraft damage\test\images\83_11_JPG_jpg.rf.f79c6049c7a1069e17318961ec9c8315.jpg,1,Minor — 1 damage instance(s),0.0010,0.9884,0.0040,0.0002,0,1,0,0,0.6065,0.6202,0.4949,metal_fatigue
causal_data\aircraft damage\test\images\83_15_JPG_jpg.rf.5c25ad26238a6e19e4d43fe381555ef3.jpg,2,Minor — 2 damage instance(s),0.9991,0.0117,0.0001,0.0000,1,0,0,0,0.5973,0.6219,0.5025,metal_fatigue
causal_data\aircraft damage\test\images\83_19_JPG_jpg.rf.99ee19795bb3e3b0330b6d494aa8d736.jpg,1,Minor — 1 damage instance(s),0.9517,0.6230,0.0000,0.0000,1,1,0,0,0.5996,0.6131,0.4776,metal_fatigue
causal_data\aircraft damage\test\images\83_1_JPG_jpg.rf.f4f8b5c9ce07cbdf090bdb3f00550573.jpg,1,Minor — 1 damage instance(s),0.7383,0.7920,0.0001,0.0000,1,1,0,0,0.5990,0.6191,0.4954,metal_fatigue
causal_data\aircraft damage\test\images\83_23_JPG_jpg.rf.29bbe79d64dfd5df1592e2fee37e1405.jpg,1,Minor — 1 damage instance(s),0.0007,0.9930,0.0029,0.0002,0,1,0,0,0.6098,0.6242,0.4964,metal_fatigue
causal_data\aircraft damage\test\images\83_2_JPG_jpg.rf.eb82a6731b0d235bc87326cf3ae935f8.jpg,2,Minor — 2 damage instance(s),0.9963,0.0847,0.0001,0.0000,1,0,0,0,0.5966,0.6195,0.4975,metal_fatigue
causal_data\aircraft damage\test\images\84_1_JPG_jpg.rf.c9ee4eb3bac14169133612d478549fc0.jpg,2,Minor — 2 damage instance(s),0.9682,0.0949,0.0015,0.0002,1,0,0,0,0.5984,0.6217,0.5096,metal_fatigue
causal_data\aircraft damage\test\images\84_23_JPG_jpg.rf.abf979ca2cc9eaac8e26babdb3914dc3.jpg,4,Moderate — 4 damage instances,0.0495,0.9996,0.0000,0.0000,0,1,0,0,0.6067,0.6147,0.4966,metal_fatigue
causal_data\aircraft damage\test\images\84_4_JPG_jpg.rf.8f14788feaf8d9a3b6d5af7566c55ccb.jpg,1,Minor — 1 damage instance(s),0.0036,0.9974,0.0003,0.0000,0,1,0,0,0.6080,0.6128,0.4932,metal_fatigue
causal_data\aircraft damage\test\images\85_0_JPG_jpg.rf.31db635a3cfd5d7b8a2cee784c4d3276.jpg,4,Moderate — 4 damage instances,0.0350,0.9996,0.0000,0.0000,0,1,0,0,0.6073,0.6151,0.4985,metal_fatigue
causal_data\aircraft damage\test\images\85_1_JPG_jpg.rf.796fb7d65d96498ba0af54c08c380b3a.jpg,2,Minor — 2 damage instance(s),0.9293,0.0622,0.0041,0.0006,1,0,0,0,0.5997,0.6266,0.5140,metal_fatigue
causal_data\aircraft damage\test\images\85_21_JPG_jpg.rf.800087924e1c2af3e5f7ed44a13a3430.jpg,4,Moderate — 4 damage instances,0.0367,0.9996,0.0000,0.0000,0,1,0,0,0.6073,0.6152,0.4983,metal_fatigue
causal_data\aircraft damage\test\images\85_23_JPG_jpg.rf.ed83c2caa8733e9c4e1c402ac0f7d28d.jpg,4,Moderate — 4 damage instances,0.0366,0.9996,0.0000,0.0000,0,1,0,0,0.6072,0.6151,0.4982,metal_fatigue
causal_data\aircraft damage\test\images\86_14_JPG_jpg.rf.fb700a42cc23778e2cc60ff9d6ffaa22.jpg,1,Minor — 1 damage instance(s),0.9994,0.0032,0.0004,0.0000,1,0,0,0,0.6001,0.6253,0.5054,metal_fatigue
causal_data\aircraft damage\test\images\86_2_JPG_jpg.rf.39b565d935cf69faed232c8655d2d6c2.jpg,2,Minor — 2 damage instance(s),0.0644,0.9938,0.0001,0.0000,0,1,0,0,0.6035,0.6143,0.4921,metal_fatigue
causal_data\aircraft damage\test\images\86_8_JPG_jpg.rf.54453f706731df22f65b15226f6932e5.jpg,1,Minor — 1 damage instance(s),0.9962,0.0247,0.0007,0.0000,1,0,0,0,0.5916,0.6084,0.4973,metal_fatigue
causal_data\aircraft damage\test\images\87_11_JPG_jpg.rf.018df604b7025c3258d833d677a51217.jpg,3,Moderate — 3 damage instances,0.9788,0.5406,0.0000,0.0000,1,1,0,0,0.5968,0.6189,0.4994,metal_fatigue
causal_data\aircraft damage\test\images\87_12_JPG_jpg.rf.09809089cd8ac6f362536409c4c694bc.jpg,1,Minor — 1 damage instance(s),0.9783,0.0029,0.0136,0.0000,1,0,0,0,0.5966,0.6239,0.4987,metal_fatigue
causal_data\aircraft damage\test\images\87_17_JPG_jpg.rf.a049a9e1c80f89e37645c9f64734c32f.jpg,4,Moderate — 4 damage instances,0.9984,0.0256,0.0001,0.0000,1,0,0,0,0.6027,0.6399,0.5298,metal_fatigue
causal_data\aircraft damage\test\images\87_6_JPG_jpg.rf.e32a3a720238443f3ccf574cefc90490.jpg,2,Minor — 2 damage instance(s),0.9989,0.0072,0.0005,0.0000,1,0,0,0,0.5990,0.6268,0.5143,metal_fatigue
causal_data\aircraft damage\test\images\90_15_JPG_jpg.rf.41773c6da9e19965194004bc8f357618.jpg,1,Minor — 1 damage instance(s),0.9740,0.0030,0.0130,0.0000,1,0,0,0,0.5991,0.6336,0.5064,metal_fatigue
causal_data\aircraft damage\test\images\90_18_JPG_jpg.rf.8fec36567235f8de5fe4381dd8538074.jpg,1,Minor — 1 damage instance(s),0.9907,0.0030,0.0052,0.0000,1,0,0,0,0.5994,0.6327,0.5021,metal_fatigue
causal_data\aircraft damage\test\images\90_22_JPG_jpg.rf.ce7fa8a909d6656f2f9d692d17d14196.jpg,1,Minor — 1 damage instance(s),0.9916,0.0023,0.0066,0.0000,1,0,0,0,0.6001,0.6348,0.5069,metal_fatigue
causal_data\aircraft damage\test\images\90_23_JPG_jpg.rf.4cf6457856a30cf1dfa8c9ca0594680e.jpg,1,Minor — 1 damage instance(s),0.9916,0.0022,0.0068,0.0000,1,0,0,0,0.6007,0.6357,0.5077,metal_fatigue
causal_data\aircraft damage\test\images\95_16_JPG_jpg.rf.69246348476df4fb54d573c4c7e387c5.jpg,1,Minor — 1 damage instance(s),0.9971,0.0026,0.0020,0.0000,1,0,0,0,0.6011,0.6313,0.5016,metal_fatigue
causal_data\aircraft damage\test\images\95_22_JPG_jpg.rf.7672a66314038a9eea6fe24d3af98f20.jpg,1,Minor — 1 damage instance(s),0.9986,0.0029,0.0009,0.0000,1,0,0,0,0.6008,0.6290,0.5002,metal_fatigue
causal_data\aircraft damage\test\images\96_18_JPG_jpg.rf.d6dcfeb568d11800bbf47842618ad3d8.jpg,1,Minor — 1 damage instance(s),0.9896,0.0017,0.0096,0.0000,1,0,0,0,0.5981,0.6340,0.5025,metal_fatigue
causal_data\aircraft damage\test\images\97_2_JPG_jpg.rf.47150f38c7d8d2520012f2e261585237.jpg,4,Moderate — 4 damage instances,0.9994,0.0181,0.0001,0.0000,1,0,0,0,0.6034,0.6362,0.5235,metal_fatigue
causal_data\aircraft damage\test\images\98_0_JPG_jpg.rf.67b57582694e6a5ffa7f25be6f699b69.jpg,1,Minor — 1 damage instance(s),0.9851,0.0019,0.0110,0.0000,1,0,0,0,0.6015,0.6372,0.5074,metal_fatigue
causal_data\aircraft damage\test\images\98_17_JPG_jpg.rf.f57672c1364def062b08b4fc48529070.jpg,2,Minor — 2 damage instance(s),0.2044,0.9947,0.0000,0.0000,0,1,0,0,0.5995,0.6070,0.4844,metal_fatigue
causal_data\aircraft damage\test\images\98_18_JPG_jpg.rf.93e30ad6876270559ff5615852119e24.jpg,1,Minor — 1 damage instance(s),0.9920,0.0016,0.0081,0.0000,1,0,0,0,0.5985,0.6330,0.5048,metal_fatigue
causal_data\aircraft damage\test\images\98_1_JPG_jpg.rf.b06caaaeefd4340a8b7f01d809d4d416.jpg,1,Minor — 1 damage instance(s),0.9986,0.0039,0.0008,0.0000,1,0,0,0,0.5979,0.6307,0.5107,metal_fatigue
causal_data\aircraft damage\test\images\98_2_JPG_jpg.rf.b60e60ffc47fb571daf6d821a2f1b184.jpg,1,Minor — 1 damage instance(s),0.9984,0.0022,0.0014,0.0000,1,0,0,0,0.5967,0.6315,0.5026,metal_fatigue
causal_data\aircraft damage\test\images\99_14_JPG_jpg.rf.7db7da88d3ed4873b7acee140b9acb86.jpg,1,Minor — 1 damage instance(s),0.9646,0.0016,0.0345,0.0000,1,0,0,0,0.5992,0.6356,0.5143,metal_fatigue
causal_data\aircraft damage\test\images\99_15_JPG_jpg.rf.f3d4b321908d613bde5b23f0c6d492e1.jpg,1,Minor — 1 damage instance(s),0.9384,0.0021,0.0367,0.0000,1,0,0,0,0.5996,0.6372,0.5066,metal_fatigue
causal_data\aircraft damage\test\images\a0a6a9bd_342e_49c8_bb81_aff34c1884b4_f8fafc9e14d78d749effcce0bb27c750ae0bce11-1-_jpeg_jpg.rf.f68a6dbf953fc9cae1d5480b0dd9af2c.jpg,1,Minor — 1 damage instance(s),0.9957,0.0019,0.0051,0.0000,1,0,0,0,0.6000,0.6294,0.5038,metal_fatigue
causal_data\aircraft damage\test\images\Accidental-damage-in-aircraft-structures-resulting-from-ground-vehicles_png_jpg.rf.6f650c63b9866fe5cc5907e891cf7f6f.jpg,2,Minor — 2 damage instance(s),0.0176,0.9988,0.0000,0.0000,0,1,0,0,0.6110,0.6096,0.4922,impact_force
causal_data\aircraft damage\test\images\cd_2608_13_jpg.rf.db3454957ef260539c97809588474bf7.jpg,1,Minor — 1 damage instance(s),0.9545,0.0022,0.0288,0.0000,1,0,0,0,0.5998,0.6350,0.5089,metal_fatigue
causal_data\aircraft damage\test\images\cd_2608_13_jpg.rf.e9d69b756440e507f2d08020c8a0427d.jpg,1,Minor — 1 damage instance(s),0.9736,0.0017,0.0215,0.0000,1,0,0,0,0.5999,0.6370,0.5073,metal_fatigue
causal_data\aircraft damage\test\images\cd_2608_1_jpg.rf.cc1b6602f44b0b612616d79c9c1e41e8.jpg,1,Minor — 1 damage instance(s),0.6694,0.5138,0.0008,0.0000,1,1,0,0,0.5932,0.6096,0.4989,metal_fatigue
causal_data\aircraft damage\test\images\cd_2608_20_jpg.rf.d4eb1ab07dafbdcb60e16b3affb7043a.jpg,2,Minor — 2 damage instance(s),0.0138,0.9984,0.0001,0.0000,0,1,0,0,0.6069,0.6171,0.4996,metal_fatigue
causal_data\aircraft damage\test\images\cd_2608_24_jpg.rf.94fa29c5a279fb545975bd2d0a7f7a55.jpg,1,Minor — 1 damage instance(s),0.0057,0.9964,0.0003,0.0000,0,1,0,0,0.6114,0.6145,0.4899,metal_fatigue
causal_data\aircraft damage\test\images\cd_2608_26_jpg.rf.1ed05ee4f10c1448e7c72d822d6901be.jpg,3,Moderate — 3 damage instances,0.9997,0.0115,0.0000,0.0000,1,0,0,0,0.5986,0.6203,0.5036,metal_fatigue
causal_data\aircraft damage\test\images\cd_2608_4_jpg.rf.abba8c3621747d094c9731ce5ac7685f.jpg,1,Minor — 1 damage instance(s),0.0044,0.9960,0.0004,0.0000,0,1,0,0,0.6109,0.6187,0.4984,metal_fatigue
causal_data\aircraft damage\test\images\cd_2608_6_jpg.rf.551b709140d3de3ad0f1ee62b05ebc39.jpg,1,Minor — 1 damage instance(s),0.9930,0.0022,0.0059,0.0000,1,0,0,0,0.5964,0.6278,0.5023,metal_fatigue
causal_data\aircraft damage\test\images\cd_2608_7_jpg.rf.ded69c9c1de965c2e41823ee1455eeda.jpg,1,Minor — 1 damage instance(s),0.9989,0.0052,0.0004,0.0000,1,0,0,0,0.5968,0.6177,0.4968,metal_fatigue
causal_data\aircraft damage\test\images\crack-side_jpg.rf.197b822056b36c23863c9196a96d48c4.jpg,1,Minor — 1 damage instance(s),0.0936,0.8915,0.0018,0.0000,0,1,0,0,0.6021,0.6172,0.5061,metal_fatigue
causal_data\aircraft damage\test\images\DSC01673_jpg.rf.874402aa2dc303124ed0f9b315b3ee3e.jpg,1,Minor — 1 damage instance(s),0.9964,0.0037,0.0017,0.0000,1,0,0,0,0.6011,0.6336,0.5041,metal_fatigue
causal_data\aircraft damage\test\images\DSC01673_jpg.rf.d551ebab920ca5be6bb6c2958d1a72b7.jpg,1,Minor — 1 damage instance(s),0.9932,0.0027,0.0041,0.0000,1,0,0,0,0.6007,0.6329,0.4999,metal_fatigue
causal_data\aircraft damage\test\images\DSC_0547_jpg.rf.9f21a97eeb0d40f98e23894d30b2f403.jpg,4,Moderate — 4 damage instances,0.9997,0.0064,0.0001,0.0000,1,0,0,0,0.6031,0.6397,0.5261,metal_fatigue
causal_data\aircraft damage\test\images\IMAG0155_jpg.rf.ac3dba33981c529c5e7f522eed0c81d0.jpg,2,Minor — 2 damage instance(s),0.9996,0.0044,0.0001,0.0000,1,0,0,0,0.6010,0.6288,0.5041,metal_fatigue
causal_data\aircraft damage\test\images\IMG_0585_JPG_jpg.rf.782530c508d4172071e46d57e8a115b4.jpg,2,Minor — 2 damage instance(s),0.9995,0.0046,0.0002,0.0000,1,0,0,0,0.5986,0.6206,0.5040,metal_fatigue
causal_data\aircraft damage\test\images\IMG_20230511_095814_jpg.rf.30644396a9c01d413dac7b77bc0689d7.jpg,1,Minor — 1 damage instance(s),0.5854,0.9424,0.0000,0.0000,1,1,0,0,0.5966,0.6091,0.4846,metal_fatigue
causal_data\aircraft damage\test\images\IMG_20230511_095934_jpg.rf.c7f6cfd809e476c3e897ad0775c38a78.jpg,0,None,0.0041,0.1354,0.4955,0.0729,0,0,0,0,0.5924,0.6136,0.4889,metal_fatigue
causal_data\aircraft damage\test\images\IMG_20230511_100454_jpg.rf.312835bacedf82c0a018fbd4d60cab01.jpg,1,Minor — 1 damage instance(s),0.0066,0.0097,0.9767,0.9278,0,0,1,1,0.5974,0.6130,0.5119,metal_fatigue
causal_data\aircraft damage\test\images\IMG_20230511_100623_jpg.rf.0e5523adee4067f5dd66fc17b049fc77.jpg,0,None,0.0382,0.1163,0.1067,0.0009,0,0,0,0,0.5898,0.6147,0.4909,metal_fatigue
causal_data\aircraft damage\test\images\IMG_20230511_101309_jpg.rf.7e4f9958ce24362e57eb38755a7a7fcb.jpg,0,None,0.0036,0.1785,0.4205,0.0069,0,0,0,0,0.5892,0.6120,0.4924,metal_fatigue
causal_data\aircraft damage\test\images\IMG_20230511_101559_jpg.rf.0b8475765702e67e49269e68a8ea5c2c.jpg,0,None,0.0291,0.1227,0.1464,0.0004,0,0,0,0,0.5832,0.6083,0.4885,metal_fatigue
causal_data\aircraft damage\test\images\IMG_20230511_101635_jpg.rf.807233529f27fef42321898d7fdf101e.jpg,0,None,0.0155,0.0670,0.6466,0.6807,0,0,1,1,0.5948,0.6067,0.4881,metal_fatigue
causal_data\aircraft damage\test\images\IMG_20230511_101805_jpg.rf.1cc72b0947649cede38a3b4e355ab540.jpg,1,Minor — 1 damage instance(s),0.0324,0.0016,0.9940,0.0268,0,0,1,0,0.5921,0.6161,0.5363,metal_fatigue
causal_data\aircraft damage\test\images\IMG_20230511_101828_jpg.rf.e68301ee06d11b4bb7c77d1229075b0f.jpg,0,None,0.0110,0.0370,0.7081,0.0034,0,0,1,0,0.5863,0.6085,0.5012,metal_fatigue
causal_data\aircraft damage\test\images\IMG_20230511_101930_jpg.rf.70818abe7e8454b654c6cd6194655833.jpg,0,None,0.0118,0.3048,0.1711,0.0007,0,0,0,0,0.5902,0.6037,0.4969,metal_fatigue
causal_data\aircraft damage\test\images\IMG_20230511_101935_jpg.rf.651cfdd8515dcc5c54a6fc3da33cccf3.jpg,1,Minor — 1 damage instance(s),0.9966,0.0048,0.0014,0.0000,1,0,0,0,0.5970,0.6246,0.4928,metal_fatigue
causal_data\aircraft damage\test\images\IMG_20230511_101955_jpg.rf.1f704a891a8a5a7db77a1330d090ffb7.jpg,0,None,0.0178,0.0544,0.4454,0.0012,0,0,0,0,0.5868,0.6114,0.4947,metal_fatigue
causal_data\aircraft damage\test\images\IMG_20230511_102041_jpg.rf.95b19a6a0ba25957026086a8da4058e5.jpg,1,Minor — 1 damage instance(s),0.0045,0.2433,0.4682,0.9921,0,0,0,1,0.5983,0.6101,0.4788,metal_fatigue
causal_data\aircraft damage\test\images\IMG_20230511_102141_jpg.rf.f65278b1dd42d18072ceb16c80ff1b20.jpg,1,Minor — 1 damage instance(s),0.9934,0.0027,0.0046,0.0000,1,0,0,0,0.5944,0.6297,0.5003,metal_fatigue
causal_data\aircraft damage\test\images\IMG_20230511_102152_jpg.rf.e849422c07f871d6652ebc4949850cc5.jpg,0,None,0.1044,0.1205,0.0331,0.0001,0,0,0,0,0.5882,0.6120,0.4799,metal_fatigue
causal_data\aircraft damage\test\images\IMG_20230511_102326_jpg.rf.7786e583b0279123d5e99b0285a20b77.jpg,0,None,0.0018,0.2710,0.4143,0.0026,0,0,0,0,0.5891,0.6086,0.4950,metal_fatigue
causal_data\aircraft damage\test\images\IMG_20230511_102400_jpg.rf.5db869cbb87aa43b126af58dc2c3b27d.jpg,1,Minor — 1 damage instance(s),0.0190,0.9845,0.0005,0.0000,0,1,0,0,0.6103,0.6229,0.4998,metal_fatigue
causal_data\aircraft damage\test\images\IMG_20230511_102729_jpg.rf.33eb44cdd109ec8a0daac8528918d601.jpg,1,Minor — 1 damage instance(s),0.0228,0.9979,0.0000,0.0000,0,1,0,0,0.6122,0.6136,0.4878,metal_fatigue
causal_data\aircraft damage\test\images\IMG_20230511_102959_jpg.rf.138894b310b0f12955bf5f1ec2e850f3.jpg,0,None,0.0052,0.0386,0.8202,0.0126,0,0,1,0,0.5898,0.6183,0.5127,metal_fatigue
causal_data\aircraft damage\test\images\IMG_20230511_103018_jpg.rf.236819479a7088bc6f85fff0088ceb8d.jpg,0,None,0.4068,0.0026,0.6011,0.0003,0,0,1,0,0.5842,0.6146,0.5100,metal_fatigue
causal_data\aircraft damage\test\images\IMG_20230511_103032_jpg.rf.acc3c7bde363731745df4cc0c1a64814.jpg,1,Minor — 1 damage instance(s),0.0028,0.9846,0.0035,0.0002,0,1,0,0,0.6105,0.6204,0.5033,metal_fatigue
causal_data\aircraft damage\test\images\IMG_20230511_103303_jpg.rf.fbdf8e53be000852d1004720fee771c2.jpg,1,Minor — 1 damage instance(s),0.0038,0.8391,0.0492,0.0004,0,1,0,0,0.6015,0.6168,0.5144,metal_fatigue
causal_data\aircraft damage\test\images\IMG_20230511_103402_jpg.rf.95a78ab78d5256080397e4e75cb4210f.jpg,0,None,0.3987,0.0206,0.0540,0.0001,0,0,0,0,0.5906,0.6219,0.4830,metal_fatigue
causal_data\aircraft damage\test\images\IMG_20230511_103509_jpg.rf.028f8c526f919cad970b62ee5ad30d04.jpg,1,Minor — 1 damage instance(s),0.7113,0.0044,0.1272,0.0001,1,0,0,0,0.5912,0.6288,0.5032,metal_fatigue
causal_data\aircraft damage\test\images\IMG_20230511_103726_jpg.rf.4221c060d69ff51a975ee9948314d95b.jpg,1,Minor — 1 damage instance(s),0.0015,0.6722,0.2173,0.0018,0,1,0,0,0.5965,0.6119,0.5046,metal_fatigue
causal_data\aircraft damage\test\images\IMG_20230511_103908_jpg.rf.82a9a071d373b5ff391be171b1147bef.jpg,1,Minor — 1 damage instance(s),0.0429,0.0260,0.7666,0.0022,0,0,1,0,0.5955,0.6219,0.5283,metal_fatigue
causal_data\aircraft damage\test\images\IMG_20230511_103938_jpg.rf.f760fd344e4ac773c1db513d14e8f42e.jpg,1,Minor — 1 damage instance(s),0.0040,0.9601,0.0085,0.0001,0,1,0,0,0.6059,0.6188,0.5092,metal_fatigue
causal_data\aircraft damage\test\images\IMG_20230511_104314_jpg.rf.a604b937de461c6d64390f2be41a9e38.jpg,1,Minor — 1 damage instance(s),0.5776,0.9880,0.0000,0.0000,1,1,0,0,0.6041,0.6081,0.4720,metal_fatigue
causal_data\aircraft damage\test\images\IMG_20230511_104830_jpg.rf.08724f231445da172632b01c58bdb1ee.jpg,1,Minor — 1 damage instance(s),0.0015,0.9902,0.0033,0.0002,0,1,0,0,0.6104,0.6203,0.5016,metal_fatigue
causal_data\aircraft damage\test\images\IMG_20230511_104837_jpg.rf.65c4ef2ca1e992502e4f42bca2d00fa5.jpg,1,Minor — 1 damage instance(s),0.0018,0.9946,0.0011,0.0000,0,1,0,0,0.6126,0.6214,0.4990,metal_fatigue
causal_data\aircraft damage\test\images\IMG_20230511_104918_jpg.rf.8bdd893ea65438676275e8dd2b29865b.jpg,1,Minor — 1 damage instance(s),0.7263,0.8374,0.0001,0.0000,1,1,0,0,0.5965,0.6055,0.4859,metal_fatigue
causal_data\aircraft damage\test\images\IMG_20230511_104930_jpg.rf.9e1461c8f60dec71e16bd952db294f62.jpg,1,Minor — 1 damage instance(s),0.0721,0.9945,0.0000,0.0000,0,1,0,0,0.6080,0.6123,0.4918,metal_fatigue
causal_data\aircraft damage\test\images\IMG_20230511_104953_jpg.rf.e7c54804b9ddb4c31c9830814ffd0ef8.jpg,1,Minor — 1 damage instance(s),0.7401,0.0052,0.1295,0.0001,1,0,0,0,0.5923,0.6293,0.5128,metal_fatigue
causal_data\aircraft damage\test\images\IMG_20230511_105148_jpg.rf.86f2ba6e087390794d8886e447482a19.jpg,1,Minor — 1 damage instance(s),0.9780,0.0024,0.0363,0.0000,1,0,0,0,0.5915,0.6204,0.5078,metal_fatigue
causal_data\aircraft damage\test\images\IMG_20230511_105447_jpg.rf.e3d037475a740c0bd7f76d09d31874cb.jpg,1,Minor — 1 damage instance(s),0.5655,0.0003,0.9538,0.0029,1,0,1,0,0.5898,0.6168,0.5408,metal_fatigue
causal_data\aircraft damage\test\images\IMG_20230512_120758_jpg.rf.8d59c1fb81522fe830d623b3200bf4ba.jpg,1,Minor — 1 damage instance(s),0.0158,0.0053,0.9872,0.0296,0,0,1,0,0.5892,0.6076,0.5235,metal_fatigue
causal_data\aircraft damage\test\images\IMG_20230512_120937_jpg.rf.c27fffa41b74a0cc959075895a5a7f7a.jpg,1,Minor — 1 damage instance(s),0.9942,0.0905,0.0001,0.0000,1,0,0,0,0.5966,0.6160,0.4812,metal_fatigue
causal_data\aircraft damage\test\images\IMG_20230512_121001_jpg.rf.8474a3183771e56312d0ad0e07704721.jpg,0,None,0.0537,0.0606,0.1466,0.0002,0,0,0,0,0.5842,0.6125,0.4908,metal_fatigue
causal_data\aircraft damage\test\images\IMG_20230512_123259_jpg.rf.0d4e8c0533de684f38847c1887d2fc6e.jpg,1,Minor — 1 damage instance(s),0.0112,0.9937,0.0002,0.0000,0,1,0,0,0.6085,0.6185,0.4868,metal_fatigue
causal_data\aircraft damage\test\images\IMG_20230512_123956_jpg.rf.f5fdd902c5675179e666c19c24005b38.jpg,1,Minor — 1 damage instance(s),0.0053,0.9973,0.0003,0.0000,0,1,0,0,0.6099,0.6193,0.5011,metal_fatigue
causal_data\aircraft damage\test\images\IMG_20230512_124107_jpg.rf.fe470655ab68d30eb06fd6c142bbabef.jpg,2,Minor — 2 damage instance(s),0.0049,0.9982,0.0002,0.0000,0,1,0,0,0.6104,0.6199,0.5003,metal_fatigue
causal_data\aircraft damage\test\images\IMG_20230512_124115_jpg.rf.923a7be2dd7189bf3d95063c4d26a73f.jpg,2,Minor — 2 damage instance(s),0.0231,0.9982,0.0000,0.0000,0,1,0,0,0.6099,0.6166,0.4966,metal_fatigue
causal_data\aircraft damage\test\images\IMG_20230512_124145_jpg.rf.c8a5c56ff81abc4b8d632f3a97981868.jpg,1,Minor — 1 damage instance(s),0.0047,0.9932,0.0006,0.0000,0,1,0,0,0.6061,0.6149,0.4862,metal_fatigue
causal_data\aircraft damage\test\images\IMG_20230512_124857_jpg.rf.acf100ea4d8cda5b89eca325a4763bf2.jpg,1,Minor — 1 damage instance(s),0.9821,0.0020,0.0153,0.0000,1,0,0,0,0.5999,0.6328,0.5013,metal_fatigue
causal_data\aircraft damage\test\images\IMG_20230512_124907_jpg.rf.c022f674deebb3d744283a5153e98204.jpg,1,Minor — 1 damage instance(s),0.9092,0.0041,0.0322,0.0000,1,0,0,0,0.5947,0.6313,0.5010,metal_fatigue
causal_data\aircraft damage\test\images\IMG_20230512_124909_jpg.rf.154c973ec0dcf2089f6ea80668e49946.jpg,0,None,0.0086,0.0568,0.4944,0.0013,0,0,0,0,0.5896,0.6165,0.4976,metal_fatigue
causal_data\aircraft damage\test\images\IMG_20230512_124935_jpg.rf.5606fcc98073e7ce2fd74cda38f6259a.jpg,0,None,0.3846,0.0124,0.1111,0.0001,0,0,0,0,0.5893,0.6198,0.4913,metal_fatigue
causal_data\aircraft damage\test\images\IMG_20230512_125001_jpg.rf.c97886c913d791cf64a0fb682377a77e.jpg,1,Minor — 1 damage instance(s),0.0194,0.0778,0.3037,0.0008,0,0,0,0,0.5917,0.6256,0.5099,metal_fatigue
causal_data\aircraft damage\test\images\IMG_20230512_125154_jpg.rf.1215eae5a405339de78870799c4d1924.jpg,1,Minor — 1 damage instance(s),0.9959,0.0038,0.0023,0.0000,1,0,0,0,0.5959,0.6282,0.4968,metal_fatigue
causal_data\aircraft damage\test\images\IMG_20230512_125312_jpg.rf.639e13c219b64363b29de5d4184c5205.jpg,1,Minor — 1 damage instance(s),0.9650,0.0706,0.0009,0.0000,1,0,0,0,0.5925,0.6151,0.4894,metal_fatigue
causal_data\aircraft damage\test\images\IMG_20230512_125501_jpg.rf.8486abfb1a3127e442920dde438de069.jpg,1,Minor — 1 damage instance(s),0.8063,0.0004,0.8333,0.0009,1,0,1,0,0.5917,0.6134,0.5365,metal_fatigue
causal_data\aircraft damage\test\images\IMG_20230512_125854_jpg.rf.a2106ec06e935b78855abcf7f111d269.jpg,1,Minor — 1 damage instance(s),0.0366,0.9922,0.0001,0.0000,0,1,0,0,0.6022,0.6104,0.4863,metal_fatigue
causal_data\aircraft damage\test\images\IMG_20230512_130016_jpg.rf.e7a235be608591b9f365649d48b5d350.jpg,1,Minor — 1 damage instance(s),0.0007,0.9085,0.0673,0.0014,0,1,0,0,0.6010,0.6102,0.4984,metal_fatigue
causal_data\aircraft damage\test\images\IMG_20230512_130151_jpg.rf.3ccc4be2330e7e1829427ef05ed4527b.jpg,1,Minor — 1 damage instance(s),0.0021,0.9962,0.0007,0.0000,0,1,0,0,0.6119,0.6200,0.4960,metal_fatigue
causal_data\aircraft damage\test\images\IMG_20230512_130240_jpg.rf.6b8ad5e102dba9fec6622ebed56ef748.jpg,2,Minor — 2 damage instance(s),0.9881,0.4426,0.0000,0.0000,1,0,0,0,0.5988,0.6147,0.4870,metal_fatigue
causal_data\aircraft damage\test\images\IMG_20230512_130641_jpg.rf.3a39c1f4fa7ad3a3064182704033ac76.jpg,1,Minor — 1 damage instance(s),0.3343,0.2152,0.0153,0.0000,0,0,0,0,0.5890,0.6136,0.5067,metal_fatigue
causal_data\aircraft damage\test\images\IMG_20230512_130954_jpg.rf.82d2141092c25f16398e75a4eb34c0a9.jpg,1,Minor — 1 damage instance(s),0.0070,0.9982,0.0001,0.0000,0,1,0,0,0.6111,0.6168,0.4948,metal_fatigue
causal_data\aircraft damage\test\images\IMG_20230512_131028_jpg.rf.4b598a3e608bd5e8a860e6cf68ef677c.jpg,2,Minor — 2 damage instance(s),0.0205,0.9982,0.0000,0.0000,0,1,0,0,0.6099,0.6135,0.4899,metal_fatigue
causal_data\aircraft damage\test\images\IMG_20230512_131147_jpg.rf.794f988da301e15acbbe5614326b8e55.jpg,1,Minor — 1 damage instance(s),0.9968,0.0016,0.0038,0.0000,1,0,0,0,0.6014,0.6320,0.5064,metal_fatigue
causal_data\aircraft damage\test\images\IMG_20230512_131239_jpg.rf.e1a71c158e02a541214dafc8d59f128a.jpg,1,Minor — 1 damage instance(s),0.0740,0.6974,0.0042,0.0000,0,1,0,0,0.5982,0.6150,0.4919,metal_fatigue
causal_data\aircraft damage\test\images\IMG_20230512_131356_jpg.rf.d0c57bfff7423f78e962156d045d9dc2.jpg,2,Minor — 2 damage instance(s),0.9989,0.0495,0.0000,0.0000,1,0,0,0,0.6000,0.6175,0.4982,metal_fatigue
causal_data\aircraft damage\test\images\IMG_20230512_131421_jpg.rf.340cae2f450c3142cdc5932534f59d45.jpg,1,Minor — 1 damage instance(s),0.9982,0.0038,0.0010,0.0000,1,0,0,0,0.6018,0.6324,0.5111,metal_fatigue
causal_data\aircraft damage\test\images\IMG_20230513_095218_jpg.rf.2375fab4968d8d1df8510719fdad35d0.jpg,1,Minor — 1 damage instance(s),0.6143,0.0069,0.0965,0.0001,1,0,0,0,0.5962,0.6322,0.5045,metal_fatigue
causal_data\aircraft damage\test\images\IMG_20230513_095422_jpg.rf.65b9b1442f93503ec246a0c46e7e8620.jpg,1,Minor — 1 damage instance(s),0.0211,0.9932,0.0002,0.0000,0,1,0,0,0.6072,0.6099,0.4891,metal_fatigue
causal_data\aircraft damage\test\images\IMG_20230513_095516_jpg.rf.43bdee6bd468e439fd915e2c20109e47.jpg,1,Minor — 1 damage instance(s),0.9275,0.0070,0.0166,0.0000,1,0,0,0,0.5961,0.6258,0.4966,metal_fatigue
causal_data\aircraft damage\test\images\IMG_20230513_095649_jpg.rf.924eab83d182635346e4f4265758a786.jpg,1,Minor — 1 damage instance(s),0.0214,0.0506,0.4255,0.0013,0,0,0,0,0.5926,0.6258,0.5132,metal_fatigue
causal_data\aircraft damage\test\images\IMG_20230513_095655_jpg.rf.a8b5edd2bc38172b902ef31a188bcee3.jpg,0,None,0.1979,0.0023,0.6800,0.0004,0,0,1,0,0.5909,0.6285,0.5127,metal_fatigue
causal_data\aircraft damage\test\images\IMG_20230513_095836_jpg.rf.cfb567eb3d61549f3ca10e0113739b45.jpg,1,Minor — 1 damage instance(s),0.9935,0.0032,0.0040,0.0000,1,0,0,0,0.6024,0.6340,0.5103,metal_fatigue
causal_data\aircraft damage\test\images\IMG_20230513_095859_jpg.rf.e5ca3a4cf39e6b4bc2a5b6f0b62ae8cb.jpg,1,Minor — 1 damage instance(s),0.9578,0.0036,0.0158,0.0000,1,0,0,0,0.5997,0.6360,0.5079,metal_fatigue
causal_data\aircraft damage\test\images\IMG_20230513_100226_jpg.rf.569a4b32fc4d6314383764c11e2b5b8f.jpg,1,Minor — 1 damage instance(s),0.9713,0.0022,0.0192,0.0000,1,0,0,0,0.6008,0.6341,0.5044,metal_fatigue
causal_data\aircraft damage\test\images\IMG_20230513_100614_jpg.rf.016d351badd21a7ec44fdbc5cc20296a.jpg,0,None,0.0084,0.1682,0.2640,0.0009,0,0,0,0,0.5868,0.6124,0.4993,metal_fatigue
causal_data\aircraft damage\test\images\IMG_20230513_100623_jpg.rf.75996bdec5c4af8d5d42ccf92a8845e7.jpg,0,None,0.5748,0.0237,0.0260,0.0000,1,0,0,0,0.5912,0.6201,0.4901,metal_fatigue
causal_data\aircraft damage\test\images\IMG_20230513_100628_jpg.rf.5b8d75e42d4f75a77ccf41401e0034c5.jpg,0,None,0.0091,0.0135,0.8419,0.0025,0,0,1,0,0.5899,0.6227,0.5125,metal_fatigue
causal_data\aircraft damage\test\images\IMG_20230513_100922_jpg.rf.de222830a72699249adfed7a5e576100.jpg,0,None,0.0329,0.0742,0.1730,0.0004,0,0,0,0,0.5879,0.6138,0.4926,metal_fatigue
causal_data\aircraft damage\test\images\IMG_20230513_101030_jpg.rf.154f8f46301d4ade7b1cc1df106bc5bc.jpg,1,Minor — 1 damage instance(s),0.9752,0.0016,0.0255,0.0000,1,0,0,0,0.5990,0.6353,0.5067,metal_fatigue
causal_data\aircraft damage\test\images\IMG_20230513_101246_jpg.rf.ff7e6346368fb60fbfb11a003c13f46a.jpg,4,Moderate — 4 damage instances,0.0120,0.9997,0.0000,0.0000,0,1,0,0,0.6056,0.6203,0.5062,metal_fatigue
causal_data\aircraft damage\test\images\IMG_20230513_101310_jpg.rf.39fc6e319a84542bc98e927479b6d3cf.jpg,2,Minor — 2 damage instance(s),0.0029,0.0561,0.7350,0.9994,0,0,1,1,0.6101,0.6341,0.5138,metal_fatigue
causal_data\aircraft damage\test\images\IMG_20230513_101341_jpg.rf.2f2a17d572e903ff3f4a53255c8a7b3a.jpg,2,Minor — 2 damage instance(s),0.0028,0.0877,0.6479,0.9993,0,0,1,1,0.6080,0.6312,0.5040,metal_fatigue
causal_data\aircraft damage\test\images\IMG_20230513_101416_jpg.rf.2e929df4ded2819c845043146529846d.jpg,1,Minor — 1 damage instance(s),0.0051,0.9921,0.0009,0.0000,0,1,0,0,0.6041,0.6085,0.4921,metal_fatigue
causal_data\aircraft damage\test\images\IMG_20230513_101525_jpg.rf.bc3bf6ee6b8891bc3c1674abb87662f3.jpg,1,Minor — 1 damage instance(s),0.9993,0.0033,0.0003,0.0000,1,0,0,0,0.6008,0.6310,0.5085,metal_fatigue
causal_data\aircraft damage\test\images\IMG_20230513_101729_jpg.rf.a1b32ac5e59264052d9e5466650a60ff.jpg,0,None,0.3222,0.0186,0.0993,0.0002,0,0,0,0,0.5924,0.6208,0.4945,metal_fatigue
causal_data\aircraft damage\test\images\IMG_20230513_101732_jpg.rf.22cd83ec87df6566d5605d03cfabcca3.jpg,1,Minor — 1 damage instance(s),0.6024,0.0151,0.0680,0.0001,1,0,0,0,0.5950,0.6296,0.5162,metal_fatigue
causal_data\aircraft damage\test\images\IMG_20230513_102128_jpg.rf.837d45aa1818c6e800dc46edd974d098.jpg,1,Minor — 1 damage instance(s),0.0061,0.0978,0.5957,0.9983,0,0,1,1,0.6053,0.6298,0.5001,metal_fatigue
causal_data\aircraft damage\test\images\IMG_20230513_102428_jpg.rf.ab6c1ec186c841b30b5f9ab78185dc49.jpg,1,Minor — 1 damage instance(s),0.9990,0.0023,0.0009,0.0000,1,0,0,0,0.5984,0.6312,0.5095,metal_fatigue
causal_data\aircraft damage\test\images\IMG_20230513_102443_jpg.rf.d75aa8fc69271c97b283f2d31056432a.jpg,1,Minor — 1 damage instance(s),0.9951,0.0680,0.0002,0.0000,1,0,0,0,0.5939,0.6063,0.4869,metal_fatigue
causal_data\aircraft damage\test\images\IMG_20230513_102636_jpg.rf.8a04e6fd42ccf84c1bb9698e6fce4afd.jpg,0,None,0.0037,0.2160,0.3417,0.0025,0,0,0,0,0.5927,0.6065,0.4874,metal_fatigue
causal_data\aircraft damage\test\images\IMG_20230513_102647_jpg.rf.30e0d26c3fd15e82ec788f8e82409138.jpg,0,None,0.0044,0.1927,0.4188,0.0331,0,0,0,0,0.5918,0.6018,0.4799,metal_fatigue
causal_data\aircraft damage\test\images\IMG_20230513_102709_jpg.rf.9176d2ef117a1bd1fe55deb0f2f0eaa2.jpg,0,None,0.0742,0.0281,0.2540,0.0003,0,0,0,0,0.5869,0.6172,0.4942,metal_fatigue
causal_data\aircraft damage\test\images\IMG_20230513_102808_jpg.rf.62c9cd9e4558b5792b1fcf6551811170.jpg,0,None,0.4949,0.0297,0.0267,0.0000,0,0,0,0,0.5899,0.6179,0.4806,metal_fatigue
causal_data\aircraft damage\test\images\IMG_20230513_103140_jpg.rf.3124500de4cb6ee586364825973a2435.jpg,1,Minor — 1 damage instance(s),0.0007,0.9938,0.0026,0.0001,0,1,0,0,0.6082,0.6161,0.4952,metal_fatigue
causal_data\aircraft damage\test\images\IMG_20230513_103142_jpg.rf.aa88235895b66b41c0542f666ff8cbfd.jpg,1,Minor — 1 damage instance(s),0.0015,0.9948,0.0012,0.0001,0,1,0,0,0.6113,0.6171,0.4925,metal_fatigue
causal_data\aircraft damage\test\images\IMG_20230513_103326_jpg.rf.061c33bf17c60483e44fd3e63f726ed7.jpg,0,None,0.0166,0.1531,0.1415,0.0004,0,0,0,0,0.5870,0.6127,0.4863,metal_fatigue
causal_data\aircraft damage\test\images\IMG_20230513_103529_jpg.rf.80b7d6c1209ccebb8a87a4c032bef141.jpg,1,Minor — 1 damage instance(s),0.0095,0.9949,0.0004,0.0001,0,1,0,0,0.6033,0.6150,0.4936,metal_fatigue
causal_data\aircraft damage\test\images\IMG_20230513_103803_jpg.rf.5c8814c499de56b406e44f393aeaaafb.jpg,1,Minor — 1 damage instance(s),0.1623,0.2771,0.0170,0.0002,0,0,0,0,0.5950,0.6192,0.5026,metal_fatigue
causal_data\aircraft damage\test\images\IMG_20230513_103824_jpg.rf.e9b683d56bd9eb5ab83a68f13f230711.jpg,0,None,0.0322,0.1342,0.1182,0.0003,0,0,0,0,0.5850,0.6062,0.4844,metal_fatigue
causal_data\aircraft damage\test\images\IMG_20230513_104136_jpg.rf.2c07a36961eec419ddc2fba0e4f6ec91.jpg,1,Minor — 1 damage instance(s),0.0019,0.9543,0.0102,0.0002,0,1,0,0,0.6019,0.6101,0.4882,metal_fatigue
causal_data\aircraft damage\test\images\IMG_20230513_104139_jpg.rf.b8ee38a5c58f51adefa34058a4b90a0b.jpg,1,Minor — 1 damage instance(s),0.0012,0.9467,0.0173,0.0002,0,1,0,0,0.6026,0.6130,0.4945,metal_fatigue
causal_data\aircraft damage\test\images\Tech-2_metal-rip_jpg.rf.ed2f9a74838d5e0d1bd7ea9b86b825a9.jpg,1,Minor — 1 damage instance(s),0.9980,0.0068,0.0007,0.0000,1,0,0,0,0.5961,0.6151,0.4907,metal_fatigue
causal_data\aircraft damage\test\images\Udklip5_png_jpg.rf.1f157b09e78fee0aed92f663e0d8f487.jpg,6,Severe — 6 damage instances,0.0308,0.9998,0.0000,0.0000,0,1,0,0,0.6029,0.6166,0.5053,metal_fatigue
causal_data\aircraft damage\test\images\Udklip5_png_jpg.rf.42b1806ef51d5f8815ca0d5f05308e40.jpg,4,Moderate — 4 damage instances,0.0365,0.9995,0.0000,0.0000,0,1,0,0,0.6043,0.6141,0.5011,metal_fatigue
causal_data\aircraft damage\test\images\unnamed-1_jpg.rf.90cdebbcbfd5278f2efae21f6d576395.jpg,1,Minor — 1 damage instance(s),0.0019,0.9923,0.0015,0.0001,0,1,0,0,0.6108,0.6160,0.4927,metal_fatigue
causal_data\aircraft damage\test\images\unnamed-1_jpg.rf.d5dd4086bc801fd13b7d689eae4357a7.jpg,1,Minor — 1 damage instance(s),0.0025,0.9958,0.0007,0.0000,0,1,0,0,0.6088,0.6139,0.4892,metal_fatigue
